INSERT INTO player VALUES ("Shin Jinseo", null, "9p", "1986-05-13", false, null, null, null);
INSERT INTO player VALUES ("Ke Jie", "China", "9p", "1965-07-30", false, null, null, null);
INSERT INTO player VALUES ("Ichiriki Ryo", "Japan", "9p", "1990-07-08", false, null, null, null);
INSERT INTO player VALUES ("Yang Dingxin", "China", "9p", "1959-10-05", false, null, null, null);
INSERT INTO player VALUES ("Iyama Yuuta", "Japan", "9p", "1963-02-01", false, null, null, null);
INSERT INTO player VALUES ("Shin Minjun", null, "9p", "1961-02-07", false, null, null, null);
INSERT INTO player VALUES ("Tang Weixing", "China", "9p", "1963-08-03", false, null, null, null);
INSERT INTO player VALUES ("Lian Xiao", "China", "9p", "1987-06-02", false, null, null, null);
INSERT INTO player VALUES ("Fan Tingyu", "China", "9p", "1981-06-10", false, null, null, null);
INSERT INTO player VALUES ("Byun Sangil", null, "9p", "1972-11-06", false, null, null, null);
INSERT INTO player VALUES ("Park Yeonghun", "Korea", "9p", "1993-01-11", false, null, null, null);
INSERT INTO player VALUES ("Xie Ke", null, "8p", "1958-02-12", false, null, null, null);
INSERT INTO player VALUES ("Zhao Chenyu", null, "8p", "1970-02-04", false, null, null, null);
INSERT INTO player VALUES ("Xu Jiayang", null, "8p", "1949-03-19", false, null, null, null);
INSERT INTO player VALUES ("Tao Xinran", "China", "8p", "1957-12-14", false, null, null, null);
INSERT INTO game VALUES (0, "B+R", "2021-02-25", NULL, "Shin Jinseo", "Ke Jie");
INSERT INTO game VALUES (1, "B+R", "2021-02-24", NULL, "Shin Jinseo", "Ichiriki Ryo");
INSERT INTO game VALUES (2, "B+R", "2021-02-23", NULL, "Shin Jinseo", "Yang Dingxin");
INSERT INTO game VALUES (3, "W+R", "2021-02-22", NULL, "Iyama Yuuta", "Shin Jinseo");
INSERT INTO game VALUES (4, "W+R", "2021-02-03", NULL, "Ke Jie", "Shin Minjun");
INSERT INTO game VALUES (5, "W+R", "2021-02-01", NULL, "Shin Minjun", "Ke Jie");
INSERT INTO game VALUES (6, "W+R", "2021-01-20", NULL, "Ke Jie", "Tang Weixing");
INSERT INTO game VALUES (7, "W+R", "2021-01-20", NULL, "Ke Jie", "Tang Weixing");
INSERT INTO game VALUES (8, "B+R", "2021-01-20", NULL, "Shin Jinseo", "Lian Xiao");
INSERT INTO game VALUES (9, "W+R", "2021-01-18", NULL, "Fan Tingyu", "Shin Jinseo");
INSERT INTO game VALUES (10, "B+R", "2021-01-18", NULL, "Lian Xiao", "Byun Sangil");
INSERT INTO game VALUES (11, "W+R", "2021-01-18", NULL, "Fan Tingyu", "Shin Jinseo");
INSERT INTO game VALUES (12, "W+R", "2021-01-18", NULL, "Park Yeonghun", "Tang Weixing");
INSERT INTO game VALUES (13, "B+3.5", "2021-01-12", NULL, "Xie Ke", "Ichiriki Ryo");
INSERT INTO game VALUES (14, "B+3.5", "2021-01-12", NULL, "Xie Ke", "Ichiriki Ryo");
INSERT INTO game VALUES (15, "B+R", "2021-01-10", NULL, "Shin Jinseo", "Zhao Chenyu");
INSERT INTO game VALUES (16, "B+R", "2021-01-10", NULL, "Shin Jinseo", "Zhao Chenyu");
INSERT INTO game VALUES (17, "B+R", "2021-01-10", NULL, "Shin Jinseo", "Zhao Chenyu");
INSERT INTO game VALUES (18, "W+R", "2021-01-08", NULL, "Yang Dingxin", "Xu Jiayang");
INSERT INTO game VALUES (19, "W+0.5", "2021-01-06", NULL, "Tao Xinran", "Yang Dingxin");
INSERT INTO move VALUES (0,0, 16,4);
INSERT INTO move VALUES (0,1, 4,4);
INSERT INTO move VALUES (0,2, 16,16);
INSERT INTO move VALUES (0,3, 4,17);
INSERT INTO move VALUES (0,4, 3,3);
INSERT INTO move VALUES (0,5, 3,4);
INSERT INTO move VALUES (0,6, 4,3);
INSERT INTO move VALUES (0,7, 5,4);
INSERT INTO move VALUES (0,8, 6,3);
INSERT INTO move VALUES (0,9, 17,17);
INSERT INTO move VALUES (0,10, 16,17);
INSERT INTO move VALUES (0,11, 17,16);
INSERT INTO move VALUES (0,12, 16,15);
INSERT INTO move VALUES (0,13, 18,14);
INSERT INTO move VALUES (0,14, 3,15);
INSERT INTO move VALUES (0,15, 5,16);
INSERT INTO move VALUES (0,16, 7,2);
INSERT INTO move VALUES (0,17, 3,11);
INSERT INTO move VALUES (0,18, 4,8);
INSERT INTO move VALUES (0,19, 7,5);
INSERT INTO move VALUES (0,20, 6,7);
INSERT INTO move VALUES (0,21, 6,4);
INSERT INTO move VALUES (0,22, 5,15);
INSERT INTO move VALUES (0,23, 6,15);
INSERT INTO move VALUES (0,24, 5,14);
INSERT INTO move VALUES (0,25, 5,11);
INSERT INTO move VALUES (0,26, 2,17);
INSERT INTO move VALUES (0,27, 9,16);
INSERT INTO move VALUES (0,28, 8,7);
INSERT INTO move VALUES (0,29, 7,3);
INSERT INTO move VALUES (0,30, 5,3);
INSERT INTO move VALUES (0,31, 8,3);
INSERT INTO move VALUES (0,32, 8,2);
INSERT INTO move VALUES (0,33, 10,3);
INSERT INTO move VALUES (0,34, 11,17);
INSERT INTO move VALUES (0,35, 3,13);
INSERT INTO move VALUES (0,36, 6,16);
INSERT INTO move VALUES (0,37, 6,17);
INSERT INTO move VALUES (0,38, 7,16);
INSERT INTO move VALUES (0,39, 7,17);
INSERT INTO move VALUES (0,40, 7,15);
INSERT INTO move VALUES (0,41, 10,17);
INSERT INTO move VALUES (0,42, 11,16);
INSERT INTO move VALUES (0,43, 17,6);
INSERT INTO move VALUES (0,44, 9,3);
INSERT INTO move VALUES (0,45, 9,4);
INSERT INTO move VALUES (0,46, 9,2);
INSERT INTO move VALUES (0,47, 17,3);
INSERT INTO move VALUES (0,48, 17,4);
INSERT INTO move VALUES (0,49, 16,3);
INSERT INTO move VALUES (0,50, 15,4);
INSERT INTO move VALUES (0,51, 18,4);
INSERT INTO move VALUES (0,52, 18,5);
INSERT INTO move VALUES (0,53, 18,3);
INSERT INTO move VALUES (0,54, 18,6);
INSERT INTO move VALUES (0,55, 17,7);
INSERT INTO move VALUES (0,56, 17,9);
INSERT INTO move VALUES (0,57, 14,2);
INSERT INTO move VALUES (0,58, 18,7);
INSERT INTO move VALUES (0,59, 17,13);
INSERT INTO move VALUES (0,60, 3,9);
INSERT INTO move VALUES (0,61, 7,12);
INSERT INTO move VALUES (0,62, 6,10);
INSERT INTO move VALUES (0,63, 7,14);
INSERT INTO move VALUES (0,64, 6,14);
INSERT INTO move VALUES (0,65, 8,14);
INSERT INTO move VALUES (0,66, 4,16);
INSERT INTO move VALUES (0,67, 5,17);
INSERT INTO move VALUES (0,68, 3,17);
INSERT INTO move VALUES (0,69, 3,18);
INSERT INTO move VALUES (0,70, 2,18);
INSERT INTO move VALUES (0,71, 14,7);
INSERT INTO move VALUES (0,72, 9,5);
INSERT INTO move VALUES (0,73, 8,4);
INSERT INTO move VALUES (0,74, 10,4);
INSERT INTO move VALUES (0,75, 10,5);
INSERT INTO move VALUES (0,76, 11,4);
INSERT INTO move VALUES (0,77, 9,6);
INSERT INTO move VALUES (0,78, 11,5);
INSERT INTO move VALUES (0,79, 10,6);
INSERT INTO move VALUES (0,80, 11,6);
INSERT INTO move VALUES (0,81, 10,8);
INSERT INTO move VALUES (0,82, 12,8);
INSERT INTO move VALUES (0,83, 17,8);
INSERT INTO move VALUES (0,84, 18,8);
INSERT INTO move VALUES (0,85, 16,9);
INSERT INTO move VALUES (0,86, 17,10);
INSERT INTO move VALUES (0,87, 16,10);
INSERT INTO move VALUES (0,88, 16,11);
INSERT INTO move VALUES (0,89, 15,11);
INSERT INTO move VALUES (0,90, 16,12);
INSERT INTO move VALUES (0,91, 13,9);
INSERT INTO move VALUES (0,92, 12,9);
INSERT INTO move VALUES (0,93, 11,7);
INSERT INTO move VALUES (0,94, 12,7);
INSERT INTO move VALUES (0,95, 13,6);
INSERT INTO move VALUES (0,96, 13,4);
INSERT INTO move VALUES (0,97, 13,11);
INSERT INTO move VALUES (0,98, 8,6);
INSERT INTO move VALUES (0,99, 8,5);
INSERT INTO move VALUES (0,100, 10,9);
INSERT INTO move VALUES (0,101, 9,8);
INSERT INTO move VALUES (0,102, 8,10);
INSERT INTO move VALUES (0,103, 3,7);
INSERT INTO move VALUES (0,104, 8,12);
INSERT INTO move VALUES (0,105, 7,11);
INSERT INTO move VALUES (0,106, 7,10);
INSERT INTO move VALUES (0,107, 6,13);
INSERT INTO move VALUES (0,108, 15,12);
INSERT INTO move VALUES (0,109, 14,11);
INSERT INTO move VALUES (0,110, 16,18);
INSERT INTO move VALUES (0,111, 17,18);
INSERT INTO move VALUES (0,112, 11,18);
INSERT INTO move VALUES (0,113, 16,19);
INSERT INTO move VALUES (0,114, 15,19);
INSERT INTO move VALUES (0,115, 17,19);
INSERT INTO move VALUES (0,116, 8,15);
INSERT INTO move VALUES (0,117, 9,15);
INSERT INTO move VALUES (0,118, 9,14);
INSERT INTO move VALUES (0,119, 8,16);
INSERT INTO move VALUES (0,120, 6,15);
INSERT INTO move VALUES (0,121, 8,11);
INSERT INTO move VALUES (0,122, 9,18);
INSERT INTO move VALUES (0,123, 9,10);
INSERT INTO move VALUES (0,124, 9,9);
INSERT INTO move VALUES (0,125, 10,10);
INSERT INTO move VALUES (0,126, 9,13);
INSERT INTO move VALUES (0,127, 9,12);
INSERT INTO move VALUES (0,128, 11,14);
INSERT INTO move VALUES (0,129, 8,9);
INSERT INTO move VALUES (0,130, 2,6);
INSERT INTO move VALUES (0,131, 10,18);
INSERT INTO move VALUES (0,132, 10,19);
INSERT INTO move VALUES (0,133, 3,6);
INSERT INTO move VALUES (0,134, 2,7);
INSERT INTO move VALUES (0,135, 3,8);
INSERT INTO move VALUES (0,136, 2,8);
INSERT INTO move VALUES (0,137, 4,9);
INSERT INTO move VALUES (0,138, 3,5);
INSERT INTO move VALUES (0,139, 2,9);
INSERT INTO move VALUES (0,140, 4,5);
INSERT INTO move VALUES (0,141, 4,6);
INSERT INTO move VALUES (0,142, 5,5);
INSERT INTO move VALUES (0,143, 5,6);
INSERT INTO move VALUES (0,144, 2,4);
INSERT INTO move VALUES (0,145, 6,5);
INSERT INTO move VALUES (0,146, 2,5);
INSERT INTO move VALUES (0,147, 11,9);
INSERT INTO move VALUES (0,148, 11,8);
INSERT INTO move VALUES (0,149, 10,7);
INSERT INTO move VALUES (0,150, 12,6);
INSERT INTO move VALUES (0,151, 15,18);
INSERT INTO move VALUES (0,152, 13,2);
INSERT INTO move VALUES (0,153, 14,3);
INSERT INTO move VALUES (0,154, 18,12);
INSERT INTO move VALUES (0,155, 2,14);
INSERT INTO move VALUES (0,156, 2,15);
INSERT INTO move VALUES (0,157, 13,3);
INSERT INTO move VALUES (0,158, 12,3);
INSERT INTO move VALUES (0,159, 13,18);
INSERT INTO move VALUES (0,160, 13,16);
INSERT INTO move VALUES (0,161, 12,15);
INSERT INTO move VALUES (0,162, 11,15);
INSERT INTO move VALUES (0,163, 13,13);
INSERT INTO move VALUES (0,164, 15,17);
INSERT INTO move VALUES (0,165, 14,19);
INSERT INTO move VALUES (0,166, 12,14);
INSERT INTO move VALUES (0,167, 3,14);
INSERT INTO move VALUES (0,168, 4,18);
INSERT INTO move VALUES (0,169, 12,2);
INSERT INTO move VALUES (0,170, 11,2);
INSERT INTO move VALUES (0,171, 13,1);
INSERT INTO move VALUES (0,172, 2,10);
INSERT INTO move VALUES (0,173, 3,10);
INSERT INTO move VALUES (0,174, 1,9);
INSERT INTO move VALUES (0,175, 8,13);
INSERT INTO move VALUES (0,176, 3,9);
INSERT INTO move VALUES (0,177, 12,10);
INSERT INTO move VALUES (0,178, 15,6);
INSERT INTO move VALUES (0,179, 2,9);
INSERT INTO move VALUES (0,180, 15,8);
INSERT INTO move VALUES (0,181, 16,8);
INSERT INTO move VALUES (0,182, 15,7);
INSERT INTO move VALUES (0,183, 14,4);
INSERT INTO move VALUES (0,184, 13,5);

INSERT INTO move VALUES (1,0, 17,4);
INSERT INTO move VALUES (1,1, 4,4);
INSERT INTO move VALUES (1,2, 16,17);
INSERT INTO move VALUES (1,3, 4,17);
INSERT INTO move VALUES (1,4, 14,4);
INSERT INTO move VALUES (1,5, 17,15);
INSERT INTO move VALUES (1,6, 3,15);
INSERT INTO move VALUES (1,7, 15,16);
INSERT INTO move VALUES (1,8, 15,17);
INSERT INTO move VALUES (1,9, 14,16);
INSERT INTO move VALUES (1,10, 13,18);
INSERT INTO move VALUES (1,11, 3,6);
INSERT INTO move VALUES (1,12, 5,16);
INSERT INTO move VALUES (1,13, 5,17);
INSERT INTO move VALUES (1,14, 6,16);
INSERT INTO move VALUES (1,15, 6,17);
INSERT INTO move VALUES (1,16, 7,16);
INSERT INTO move VALUES (1,17, 7,17);
INSERT INTO move VALUES (1,18, 17,12);
INSERT INTO move VALUES (1,19, 15,12);
INSERT INTO move VALUES (1,20, 16,10);
INSERT INTO move VALUES (1,21, 12,3);
INSERT INTO move VALUES (1,22, 15,14);
INSERT INTO move VALUES (1,23, 16,13);
INSERT INTO move VALUES (1,24, 4,7);
INSERT INTO move VALUES (1,25, 3,13);
INSERT INTO move VALUES (1,26, 8,16);
INSERT INTO move VALUES (1,27, 4,11);
INSERT INTO move VALUES (1,28, 8,17);
INSERT INTO move VALUES (1,29, 6,7);
INSERT INTO move VALUES (1,30, 16,16);
INSERT INTO move VALUES (1,31, 16,15);
INSERT INTO move VALUES (1,32, 15,15);
INSERT INTO move VALUES (1,33, 17,13);
INSERT INTO move VALUES (1,34, 13,14);
INSERT INTO move VALUES (1,35, 18,17);
INSERT INTO move VALUES (1,36, 10,3);
INSERT INTO move VALUES (1,37, 12,5);
INSERT INTO move VALUES (1,38, 7,3);
INSERT INTO move VALUES (1,39, 6,4);
INSERT INTO move VALUES (1,40, 5,2);
INSERT INTO move VALUES (1,41, 4,2);
INSERT INTO move VALUES (1,42, 5,3);
INSERT INTO move VALUES (1,43, 4,3);
INSERT INTO move VALUES (1,44, 7,4);
INSERT INTO move VALUES (1,45, 16,4);
INSERT INTO move VALUES (1,46, 17,3);
INSERT INTO move VALUES (1,47, 16,6);
INSERT INTO move VALUES (1,48, 17,5);
INSERT INTO move VALUES (1,49, 16,8);
INSERT INTO move VALUES (1,50, 13,6);
INSERT INTO move VALUES (1,51, 14,8);
INSERT INTO move VALUES (1,52, 10,5);
INSERT INTO move VALUES (1,53, 15,4);
INSERT INTO move VALUES (1,54, 18,7);
INSERT INTO move VALUES (1,55, 18,8);
INSERT INTO move VALUES (1,56, 17,7);
INSERT INTO move VALUES (1,57, 17,8);
INSERT INTO move VALUES (1,58, 14,3);
INSERT INTO move VALUES (1,59, 15,6);
INSERT INTO move VALUES (1,60, 15,2);
INSERT INTO move VALUES (1,61, 12,6);
INSERT INTO move VALUES (1,62, 13,8);
INSERT INTO move VALUES (1,63, 13,5);
INSERT INTO move VALUES (1,64, 14,9);
INSERT INTO move VALUES (1,65, 15,9);
INSERT INTO move VALUES (1,66, 14,10);
INSERT INTO move VALUES (1,67, 15,10);
INSERT INTO move VALUES (1,68, 14,11);
INSERT INTO move VALUES (1,69, 15,11);
INSERT INTO move VALUES (1,70, 14,7);
INSERT INTO move VALUES (1,71, 13,13);
INSERT INTO move VALUES (1,72, 10,8);
INSERT INTO move VALUES (1,73, 12,13);
INSERT INTO move VALUES (1,74, 13,16);
INSERT INTO move VALUES (1,75, 15,8);
INSERT INTO move VALUES (1,76, 3,7);
INSERT INTO move VALUES (1,77, 4,6);
INSERT INTO move VALUES (1,78, 5,7);
INSERT INTO move VALUES (1,79, 10,6);
INSERT INTO move VALUES (1,80, 6,6);
INSERT INTO move VALUES (1,81, 9,5);
INSERT INTO move VALUES (1,82, 2,11);
INSERT INTO move VALUES (1,83, 2,17);
INSERT INTO move VALUES (1,84, 4,12);
INSERT INTO move VALUES (1,85, 6,8);
INSERT INTO move VALUES (1,86, 5,6);
INSERT INTO move VALUES (1,87, 7,6);
INSERT INTO move VALUES (1,88, 9,4);
INSERT INTO move VALUES (1,89, 6,5);
INSERT INTO move VALUES (1,90, 7,5);
INSERT INTO move VALUES (1,91, 8,6);
INSERT INTO move VALUES (1,92, 9,10);
INSERT INTO move VALUES (1,93, 3,11);
INSERT INTO move VALUES (1,94, 2,4);
INSERT INTO move VALUES (1,95, 4,5);
INSERT INTO move VALUES (1,96, 5,9);
INSERT INTO move VALUES (1,97, 3,9);
INSERT INTO move VALUES (1,98, 4,9);
INSERT INTO move VALUES (1,99, 2,10);
INSERT INTO move VALUES (1,100, 5,11);
INSERT INTO move VALUES (1,101, 2,7);
INSERT INTO move VALUES (1,102, 2,8);
INSERT INTO move VALUES (1,103, 2,6);
INSERT INTO move VALUES (1,104, 11,7);
INSERT INTO move VALUES (1,105, 11,6);
INSERT INTO move VALUES (1,106, 14,5);
INSERT INTO move VALUES (1,107, 12,7);
INSERT INTO move VALUES (1,108, 12,8);
INSERT INTO move VALUES (1,109, 6,10);
INSERT INTO move VALUES (1,110, 8,8);
INSERT INTO move VALUES (1,111, 11,9);
INSERT INTO move VALUES (1,112, 11,8);
INSERT INTO move VALUES (1,113, 7,8);
INSERT INTO move VALUES (1,114, 5,10);
INSERT INTO move VALUES (1,115, 8,10);
INSERT INTO move VALUES (1,116, 9,11);
INSERT INTO move VALUES (1,117, 11,2);
INSERT INTO move VALUES (1,118, 10,2);
INSERT INTO move VALUES (1,119, 8,11);
INSERT INTO move VALUES (1,120, 8,7);
INSERT INTO move VALUES (1,121, 7,7);
INSERT INTO move VALUES (1,122, 9,12);
INSERT INTO move VALUES (1,123, 5,1);
INSERT INTO move VALUES (1,124, 8,5);
INSERT INTO move VALUES (1,125, 9,6);
INSERT INTO move VALUES (1,126, 11,4);
INSERT INTO move VALUES (1,127, 13,3);
INSERT INTO move VALUES (1,128, 13,2);
INSERT INTO move VALUES (1,129, 8,12);
INSERT INTO move VALUES (1,130, 8,9);
INSERT INTO move VALUES (1,131, 5,12);
INSERT INTO move VALUES (1,132, 6,12);
INSERT INTO move VALUES (1,133, 5,13);
INSERT INTO move VALUES (1,134, 6,11);

INSERT INTO move VALUES (2,0, 16,4);
INSERT INTO move VALUES (2,1, 4,4);
INSERT INTO move VALUES (2,2, 16,16);
INSERT INTO move VALUES (2,3, 4,16);
INSERT INTO move VALUES (2,4, 6,17);
INSERT INTO move VALUES (2,5, 17,3);
INSERT INTO move VALUES (2,6, 17,4);
INSERT INTO move VALUES (2,7, 16,3);
INSERT INTO move VALUES (2,8, 15,4);
INSERT INTO move VALUES (2,9, 15,3);
INSERT INTO move VALUES (2,10, 13,3);
INSERT INTO move VALUES (2,11, 14,3);
INSERT INTO move VALUES (2,12, 14,4);
INSERT INTO move VALUES (2,13, 13,2);
INSERT INTO move VALUES (2,14, 12,3);
INSERT INTO move VALUES (2,15, 12,2);
INSERT INTO move VALUES (2,16, 3,14);
INSERT INTO move VALUES (2,17, 6,16);
INSERT INTO move VALUES (2,18, 7,16);
INSERT INTO move VALUES (2,19, 6,15);
INSERT INTO move VALUES (2,20, 4,17);
INSERT INTO move VALUES (2,21, 3,17);
INSERT INTO move VALUES (2,22, 5,17);
INSERT INTO move VALUES (2,23, 4,14);
INSERT INTO move VALUES (2,24, 5,16);
INSERT INTO move VALUES (2,25, 4,15);
INSERT INTO move VALUES (2,26, 3,18);
INSERT INTO move VALUES (2,27, 2,16);
INSERT INTO move VALUES (2,28, 2,17);
INSERT INTO move VALUES (2,29, 3,16);
INSERT INTO move VALUES (2,30, 17,11);
INSERT INTO move VALUES (2,31, 17,17);
INSERT INTO move VALUES (2,32, 16,17);
INSERT INTO move VALUES (2,33, 17,16);
INSERT INTO move VALUES (2,34, 17,14);
INSERT INTO move VALUES (2,35, 17,15);
INSERT INTO move VALUES (2,36, 16,14);
INSERT INTO move VALUES (2,37, 16,15);
INSERT INTO move VALUES (2,38, 15,15);
INSERT INTO move VALUES (2,39, 17,18);
INSERT INTO move VALUES (2,40, 14,17);
INSERT INTO move VALUES (2,41, 16,11);
INSERT INTO move VALUES (2,42, 17,10);
INSERT INTO move VALUES (2,43, 15,14);
INSERT INTO move VALUES (2,44, 14,15);
INSERT INTO move VALUES (2,45, 18,14);
INSERT INTO move VALUES (2,46, 18,13);
INSERT INTO move VALUES (2,47, 18,15);
INSERT INTO move VALUES (2,48, 16,12);
INSERT INTO move VALUES (2,49, 2,18);
INSERT INTO move VALUES (2,50, 2,19);
INSERT INTO move VALUES (2,51, 1,17);
INSERT INTO move VALUES (2,52, 8,14);
INSERT INTO move VALUES (2,53, 3,6);
INSERT INTO move VALUES (2,54, 11,3);
INSERT INTO move VALUES (2,55, 9,12);
INSERT INTO move VALUES (2,56, 5,15);
INSERT INTO move VALUES (2,57, 5,14);
INSERT INTO move VALUES (2,58, 6,14);
INSERT INTO move VALUES (2,59, 6,13);
INSERT INTO move VALUES (2,60, 7,14);
INSERT INTO move VALUES (2,61, 7,12);
INSERT INTO move VALUES (2,62, 3,9);
INSERT INTO move VALUES (2,63, 3,11);
INSERT INTO move VALUES (2,64, 4,11);
INSERT INTO move VALUES (2,65, 4,12);
INSERT INTO move VALUES (2,66, 4,7);
INSERT INTO move VALUES (2,67, 3,7);
INSERT INTO move VALUES (2,68, 7,7);
INSERT INTO move VALUES (2,69, 7,4);
INSERT INTO move VALUES (2,70, 5,11);
INSERT INTO move VALUES (2,71, 4,8);
INSERT INTO move VALUES (2,72, 5,12);
INSERT INTO move VALUES (2,73, 3,12);
INSERT INTO move VALUES (2,74, 5,13);
INSERT INTO move VALUES (2,75, 8,10);
INSERT INTO move VALUES (2,76, 4,13);
INSERT INTO move VALUES (2,77, 3,13);
INSERT INTO move VALUES (2,78, 3,10);
INSERT INTO move VALUES (2,79, 2,11);
INSERT INTO move VALUES (2,80, 5,8);
INSERT INTO move VALUES (2,81, 5,7);
INSERT INTO move VALUES (2,82, 4,9);
INSERT INTO move VALUES (2,83, 4,6);
INSERT INTO move VALUES (2,84, 6,8);
INSERT INTO move VALUES (2,85, 8,8);
INSERT INTO move VALUES (2,86, 8,7);
INSERT INTO move VALUES (2,87, 10,8);
INSERT INTO move VALUES (2,88, 12,9);
INSERT INTO move VALUES (2,89, 6,10);
INSERT INTO move VALUES (2,90, 7,11);
INSERT INTO move VALUES (2,91, 5,10);
INSERT INTO move VALUES (2,92, 4,10);
INSERT INTO move VALUES (2,93, 7,10);
INSERT INTO move VALUES (2,94, 8,5);
INSERT INTO move VALUES (2,95, 8,4);
INSERT INTO move VALUES (2,96, 9,4);
INSERT INTO move VALUES (2,97, 9,3);
INSERT INTO move VALUES (2,98, 10,9);
INSERT INTO move VALUES (2,99, 7,8);
INSERT INTO move VALUES (2,100, 6,7);
INSERT INTO move VALUES (2,101, 11,9);
INSERT INTO move VALUES (2,102, 11,10);
INSERT INTO move VALUES (2,103, 11,8);
INSERT INTO move VALUES (2,104, 10,10);
INSERT INTO move VALUES (2,105, 9,7);
INSERT INTO move VALUES (2,106, 9,5);
INSERT INTO move VALUES (2,107, 12,10);
INSERT INTO move VALUES (2,108, 12,11);
INSERT INTO move VALUES (2,109, 13,10);
INSERT INTO move VALUES (2,110, 13,9);
INSERT INTO move VALUES (2,111, 14,9);
INSERT INTO move VALUES (2,112, 12,7);
INSERT INTO move VALUES (2,113, 8,11);
INSERT INTO move VALUES (2,114, 10,13);
INSERT INTO move VALUES (2,115, 13,7);
INSERT INTO move VALUES (2,116, 12,8);
INSERT INTO move VALUES (2,117, 7,5);
INSERT INTO move VALUES (2,118, 8,6);
INSERT INTO move VALUES (2,119, 5,9);
INSERT INTO move VALUES (2,120, 11,7);
INSERT INTO move VALUES (2,121, 18,12);
INSERT INTO move VALUES (2,122, 17,13);
INSERT INTO move VALUES (2,123, 9,13);
INSERT INTO move VALUES (2,124, 9,14);
INSERT INTO move VALUES (2,125, 14,14);
INSERT INTO move VALUES (2,126, 2,14);
INSERT INTO move VALUES (2,127, 2,13);
INSERT INTO move VALUES (2,128, 1,18);
INSERT INTO move VALUES (2,129, 1,14);
INSERT INTO move VALUES (2,130, 10,12);
INSERT INTO move VALUES (2,131, 13,15);
INSERT INTO move VALUES (2,132, 13,16);
INSERT INTO move VALUES (2,133, 13,18);
INSERT INTO move VALUES (2,134, 14,18);
INSERT INTO move VALUES (2,135, 15,12);
INSERT INTO move VALUES (2,136, 18,11);
INSERT INTO move VALUES (2,137, 12,16);
INSERT INTO move VALUES (2,138, 12,17);
INSERT INTO move VALUES (2,139, 14,16);
INSERT INTO move VALUES (2,140, 15,16);
INSERT INTO move VALUES (2,141, 13,17);
INSERT INTO move VALUES (2,142, 14,16);
INSERT INTO move VALUES (2,143, 12,18);
INSERT INTO move VALUES (2,144, 11,17);
INSERT INTO move VALUES (2,145, 11,18);
INSERT INTO move VALUES (2,146, 12,15);
INSERT INTO move VALUES (2,147, 10,18);
INSERT INTO move VALUES (2,148, 9,17);
INSERT INTO move VALUES (2,149, 9,18);
INSERT INTO move VALUES (2,150, 7,18);
INSERT INTO move VALUES (2,151, 10,3);
INSERT INTO move VALUES (2,152, 10,4);
INSERT INTO move VALUES (2,153, 11,16);
INSERT INTO move VALUES (2,154, 10,17);
INSERT INTO move VALUES (2,155, 14,19);
INSERT INTO move VALUES (2,156, 15,19);

INSERT INTO move VALUES (3,0, 17,3);
INSERT INTO move VALUES (3,1, 4,16);
INSERT INTO move VALUES (3,2, 17,17);
INSERT INTO move VALUES (3,3, 4,4);
INSERT INTO move VALUES (3,4, 6,17);
INSERT INTO move VALUES (3,5, 3,14);
INSERT INTO move VALUES (3,6, 6,3);
INSERT INTO move VALUES (3,7, 3,6);
INSERT INTO move VALUES (3,8, 4,17);
INSERT INTO move VALUES (3,9, 3,17);
INSERT INTO move VALUES (3,10, 3,18);
INSERT INTO move VALUES (3,11, 5,17);
INSERT INTO move VALUES (3,12, 4,18);
INSERT INTO move VALUES (3,13, 5,18);
INSERT INTO move VALUES (3,14, 3,16);
INSERT INTO move VALUES (3,15, 5,16);
INSERT INTO move VALUES (3,16, 3,15);
INSERT INTO move VALUES (3,17, 2,17);
INSERT INTO move VALUES (3,18, 2,18);
INSERT INTO move VALUES (3,19, 2,16);
INSERT INTO move VALUES (3,20, 2,15);
INSERT INTO move VALUES (3,21, 2,14);
INSERT INTO move VALUES (3,22, 4,15);
INSERT INTO move VALUES (3,23, 5,14);
INSERT INTO move VALUES (3,24, 5,15);
INSERT INTO move VALUES (3,25, 6,15);
INSERT INTO move VALUES (3,26, 1,17);
INSERT INTO move VALUES (3,27, 4,14);
INSERT INTO move VALUES (3,28, 1,16);
INSERT INTO move VALUES (3,29, 6,16);
INSERT INTO move VALUES (3,30, 6,14);
INSERT INTO move VALUES (3,31, 9,16);
INSERT INTO move VALUES (3,32, 11,17);
INSERT INTO move VALUES (3,33, 16,16);
INSERT INTO move VALUES (3,34, 17,16);
INSERT INTO move VALUES (3,35, 16,15);
INSERT INTO move VALUES (3,36, 15,18);
INSERT INTO move VALUES (3,37, 11,16);
INSERT INTO move VALUES (3,38, 12,16);
INSERT INTO move VALUES (3,39, 11,15);
INSERT INTO move VALUES (3,40, 6,13);
INSERT INTO move VALUES (3,41, 4,11);
INSERT INTO move VALUES (3,42, 9,17);
INSERT INTO move VALUES (3,43, 10,17);
INSERT INTO move VALUES (3,44, 10,18);
INSERT INTO move VALUES (3,45, 10,16);
INSERT INTO move VALUES (3,46, 12,18);
INSERT INTO move VALUES (3,47, 8,17);
INSERT INTO move VALUES (3,48, 12,15);
INSERT INTO move VALUES (3,49, 17,11);
INSERT INTO move VALUES (3,50, 17,13);
INSERT INTO move VALUES (3,51, 16,12);
INSERT INTO move VALUES (3,52, 16,13);
INSERT INTO move VALUES (3,53, 15,13);
INSERT INTO move VALUES (3,54, 15,12);
INSERT INTO move VALUES (3,55, 14,13);
INSERT INTO move VALUES (3,56, 15,11);
INSERT INTO move VALUES (3,57, 17,9);
INSERT INTO move VALUES (3,58, 12,13);
INSERT INTO move VALUES (3,59, 17,15);
INSERT INTO move VALUES (3,60, 15,14);
INSERT INTO move VALUES (3,61, 16,14);
INSERT INTO move VALUES (3,62, 9,18);
INSERT INTO move VALUES (3,63, 8,14);
INSERT INTO move VALUES (3,64, 8,13);
INSERT INTO move VALUES (3,65, 9,13);
INSERT INTO move VALUES (3,66, 18,13);
INSERT INTO move VALUES (3,67, 18,14);
INSERT INTO move VALUES (3,68, 16,9);
INSERT INTO move VALUES (3,69, 17,8);
INSERT INTO move VALUES (3,70, 10,13);
INSERT INTO move VALUES (3,71, 14,14);
INSERT INTO move VALUES (3,72, 9,14);
INSERT INTO move VALUES (3,73, 7,14);
INSERT INTO move VALUES (3,74, 9,12);
INSERT INTO move VALUES (3,75, 7,13);
INSERT INTO move VALUES (3,76, 6,12);
INSERT INTO move VALUES (3,77, 7,12);
INSERT INTO move VALUES (3,78, 6,11);
INSERT INTO move VALUES (3,79, 8,11);
INSERT INTO move VALUES (3,80, 7,11);
INSERT INTO move VALUES (3,81, 8,12);
INSERT INTO move VALUES (3,82, 4,9);
INSERT INTO move VALUES (3,83, 5,9);
INSERT INTO move VALUES (3,84, 8,10);
INSERT INTO move VALUES (3,85, 9,11);
INSERT INTO move VALUES (3,86, 5,8);
INSERT INTO move VALUES (3,87, 6,9);
INSERT INTO move VALUES (3,88, 4,10);
INSERT INTO move VALUES (3,89, 5,10);
INSERT INTO move VALUES (3,90, 7,9);
INSERT INTO move VALUES (3,91, 6,8);
INSERT INTO move VALUES (3,92, 4,7);
INSERT INTO move VALUES (3,93, 5,6);
INSERT INTO move VALUES (3,94, 4,6);
INSERT INTO move VALUES (3,95, 4,5);
INSERT INTO move VALUES (3,96, 3,7);
INSERT INTO move VALUES (3,97, 2,6);
INSERT INTO move VALUES (3,98, 3,11);
INSERT INTO move VALUES (3,99, 5,11);
INSERT INTO move VALUES (3,100, 9,10);
INSERT INTO move VALUES (3,101, 10,11);
INSERT INTO move VALUES (3,102, 5,7);
INSERT INTO move VALUES (3,103, 6,7);
INSERT INTO move VALUES (3,104, 2,7);
INSERT INTO move VALUES (3,105, 3,12);
INSERT INTO move VALUES (3,106, 2,11);
INSERT INTO move VALUES (3,107, 6,5);
INSERT INTO move VALUES (3,108, 7,6);
INSERT INTO move VALUES (3,109, 8,7);
INSERT INTO move VALUES (3,110, 10,10);
INSERT INTO move VALUES (3,111, 9,5);
INSERT INTO move VALUES (3,112, 11,11);
INSERT INTO move VALUES (3,113, 11,14);
INSERT INTO move VALUES (3,114, 2,4);
INSERT INTO move VALUES (3,115, 3,3);
INSERT INTO move VALUES (3,116, 8,3);
INSERT INTO move VALUES (3,117, 10,3);
INSERT INTO move VALUES (3,118, 6,6);
INSERT INTO move VALUES (3,119, 5,5);
INSERT INTO move VALUES (3,120, 8,5);
INSERT INTO move VALUES (3,121, 9,6);
INSERT INTO move VALUES (3,122, 8,4);
INSERT INTO move VALUES (3,123, 8,8);
INSERT INTO move VALUES (3,124, 10,2);
INSERT INTO move VALUES (3,125, 11,2);
INSERT INTO move VALUES (3,126, 11,3);
INSERT INTO move VALUES (3,127, 10,4);
INSERT INTO move VALUES (3,128, 9,2);
INSERT INTO move VALUES (3,129, 12,2);
INSERT INTO move VALUES (3,130, 11,4);
INSERT INTO move VALUES (3,131, 12,5);
INSERT INTO move VALUES (3,132, 4,2);
INSERT INTO move VALUES (3,133, 3,2);
INSERT INTO move VALUES (3,134, 11,5);
INSERT INTO move VALUES (3,135, 11,6);
INSERT INTO move VALUES (3,136, 10,5);
INSERT INTO move VALUES (3,137, 9,4);
INSERT INTO move VALUES (3,138, 12,4);
INSERT INTO move VALUES (3,139, 13,4);
INSERT INTO move VALUES (3,140, 12,6);
INSERT INTO move VALUES (3,141, 13,5);
INSERT INTO move VALUES (3,142, 10,6);
INSERT INTO move VALUES (3,143, 10,7);
INSERT INTO move VALUES (3,144, 11,7);
INSERT INTO move VALUES (3,145, 12,3);
INSERT INTO move VALUES (3,146, 11,6);
INSERT INTO move VALUES (3,147, 11,8);
INSERT INTO move VALUES (3,148, 13,6);
INSERT INTO move VALUES (3,149, 14,6);
INSERT INTO move VALUES (3,150, 13,7);
INSERT INTO move VALUES (3,151, 12,9);
INSERT INTO move VALUES (3,152, 12,10);
INSERT INTO move VALUES (3,153, 11,9);
INSERT INTO move VALUES (3,154, 11,10);
INSERT INTO move VALUES (3,155, 14,7);
INSERT INTO move VALUES (3,156, 10,8);
INSERT INTO move VALUES (3,157, 13,8);
INSERT INTO move VALUES (3,158, 9,7);
INSERT INTO move VALUES (3,159, 9,8);
INSERT INTO move VALUES (3,160, 8,6);
INSERT INTO move VALUES (3,161, 10,7);
INSERT INTO move VALUES (3,162, 8,15);
INSERT INTO move VALUES (3,163, 7,15);
INSERT INTO move VALUES (3,164, 9,7);
INSERT INTO move VALUES (3,165, 3,10);
INSERT INTO move VALUES (3,166, 3,9);
INSERT INTO move VALUES (3,167, 10,7);
INSERT INTO move VALUES (3,168, 9,15);
INSERT INTO move VALUES (3,169, 8,16);
INSERT INTO move VALUES (3,170, 9,7);
INSERT INTO move VALUES (3,171, 2,10);
INSERT INTO move VALUES (3,172, 2,9);
INSERT INTO move VALUES (3,173, 10,7);
INSERT INTO move VALUES (3,174, 7,7);
INSERT INTO move VALUES (3,175, 7,8);
INSERT INTO move VALUES (3,176, 9,7);
INSERT INTO move VALUES (3,177, 2,12);
INSERT INTO move VALUES (3,178, 9,3);
INSERT INTO move VALUES (3,179, 1,11);
INSERT INTO move VALUES (3,180, 1,6);
INSERT INTO move VALUES (3,181, 3,5);
INSERT INTO move VALUES (3,182, 1,7);
INSERT INTO move VALUES (3,183, 1,9);
INSERT INTO move VALUES (3,184, 1,2);
INSERT INTO move VALUES (3,185, 1,5);
INSERT INTO move VALUES (3,186, 2,5);
INSERT INTO move VALUES (3,187, 3,8);
INSERT INTO move VALUES (3,188, 1,4);
INSERT INTO move VALUES (3,189, 2,3);
INSERT INTO move VALUES (3,190, 1,3);
INSERT INTO move VALUES (3,191, 2,1);

INSERT INTO move VALUES (4,0, 17,4);
INSERT INTO move VALUES (4,1, 16,16);
INSERT INTO move VALUES (4,2, 3,4);
INSERT INTO move VALUES (4,3, 3,16);
INSERT INTO move VALUES (4,4, 6,4);
INSERT INTO move VALUES (4,5, 15,3);
INSERT INTO move VALUES (4,6, 16,6);
INSERT INTO move VALUES (4,7, 6,16);
INSERT INTO move VALUES (4,8, 17,17);
INSERT INTO move VALUES (4,9, 16,17);
INSERT INTO move VALUES (4,10, 17,16);
INSERT INTO move VALUES (4,11, 17,14);
INSERT INTO move VALUES (4,12, 17,15);
INSERT INTO move VALUES (4,13, 16,15);
INSERT INTO move VALUES (4,14, 18,14);
INSERT INTO move VALUES (4,15, 17,13);
INSERT INTO move VALUES (4,16, 18,13);
INSERT INTO move VALUES (4,17, 17,12);
INSERT INTO move VALUES (4,18, 3,12);
INSERT INTO move VALUES (4,19, 15,7);
INSERT INTO move VALUES (4,20, 13,3);
INSERT INTO move VALUES (4,21, 3,10);
INSERT INTO move VALUES (4,22, 3,8);
INSERT INTO move VALUES (4,23, 5,10);
INSERT INTO move VALUES (4,24, 5,12);
INSERT INTO move VALUES (4,25, 5,8);
INSERT INTO move VALUES (4,26, 7,12);
INSERT INTO move VALUES (4,27, 6,13);
INSERT INTO move VALUES (4,28, 6,12);
INSERT INTO move VALUES (4,29, 3,6);
INSERT INTO move VALUES (4,30, 4,7);
INSERT INTO move VALUES (4,31, 4,4);
INSERT INTO move VALUES (4,32, 4,3);
INSERT INTO move VALUES (4,33, 4,5);
INSERT INTO move VALUES (4,34, 3,3);
INSERT INTO move VALUES (4,35, 5,7);
INSERT INTO move VALUES (4,36, 8,17);
INSERT INTO move VALUES (4,37, 16,7);
INSERT INTO move VALUES (4,38, 15,6);
INSERT INTO move VALUES (4,39, 14,6);
INSERT INTO move VALUES (4,40, 17,7);
INSERT INTO move VALUES (4,41, 17,8);
INSERT INTO move VALUES (4,42, 17,6);
INSERT INTO move VALUES (4,43, 14,7);
INSERT INTO move VALUES (4,44, 14,5);
INSERT INTO move VALUES (4,45, 17,3);
INSERT INTO move VALUES (4,46, 18,3);
INSERT INTO move VALUES (4,47, 16,4);
INSERT INTO move VALUES (4,48, 17,2);
INSERT INTO move VALUES (4,49, 16,2);
INSERT INTO move VALUES (4,50, 16,3);
INSERT INTO move VALUES (4,51, 17,18);
INSERT INTO move VALUES (4,52, 18,18);
INSERT INTO move VALUES (4,53, 17,3);
INSERT INTO move VALUES (4,54, 4,16);
INSERT INTO move VALUES (4,55, 4,15);
INSERT INTO move VALUES (4,56, 4,17);
INSERT INTO move VALUES (4,57, 3,17);
INSERT INTO move VALUES (4,58, 3,18);
INSERT INTO move VALUES (4,59, 2,18);
INSERT INTO move VALUES (4,60, 16,3);
INSERT INTO move VALUES (4,61, 8,14);
INSERT INTO move VALUES (4,62, 13,5);
INSERT INTO move VALUES (4,63, 10,17);
INSERT INTO move VALUES (4,64, 10,16);
INSERT INTO move VALUES (4,65, 9,17);
INSERT INTO move VALUES (4,66, 5,18);
INSERT INTO move VALUES (4,67, 9,16);
INSERT INTO move VALUES (4,68, 3,15);
INSERT INTO move VALUES (4,69, 3,19);
INSERT INTO move VALUES (4,70, 3,14);
INSERT INTO move VALUES (4,71, 4,18);
INSERT INTO move VALUES (4,72, 5,15);
INSERT INTO move VALUES (4,73, 17,3);
INSERT INTO move VALUES (4,74, 18,2);
INSERT INTO move VALUES (4,75, 11,3);
INSERT INTO move VALUES (4,76, 12,3);
INSERT INTO move VALUES (4,77, 5,17);
INSERT INTO move VALUES (4,78, 5,16);
INSERT INTO move VALUES (4,79, 6,17);
INSERT INTO move VALUES (4,80, 2,8);
INSERT INTO move VALUES (4,81, 11,5);
INSERT INTO move VALUES (4,82, 12,6);
INSERT INTO move VALUES (4,83, 11,6);
INSERT INTO move VALUES (4,84, 12,7);
INSERT INTO move VALUES (4,85, 11,7);
INSERT INTO move VALUES (4,86, 12,8);
INSERT INTO move VALUES (4,87, 11,2);
INSERT INTO move VALUES (4,88, 12,4);
INSERT INTO move VALUES (4,89, 8,4);
INSERT INTO move VALUES (4,90, 7,5);
INSERT INTO move VALUES (4,91, 2,11);
INSERT INTO move VALUES (4,92, 6,9);
INSERT INTO move VALUES (4,93, 4,8);
INSERT INTO move VALUES (4,94, 3,7);
INSERT INTO move VALUES (4,95, 5,13);
INSERT INTO move VALUES (4,96, 7,13);
INSERT INTO move VALUES (4,97, 4,13);
INSERT INTO move VALUES (4,98, 2,12);
INSERT INTO move VALUES (4,99, 6,15);
INSERT INTO move VALUES (4,100, 4,14);
INSERT INTO move VALUES (4,101, 5,14);
INSERT INTO move VALUES (4,102, 4,12);
INSERT INTO move VALUES (4,103, 6,10);
INSERT INTO move VALUES (4,104, 2,10);
INSERT INTO move VALUES (4,105, 2,9);
INSERT INTO move VALUES (4,106, 3,9);
INSERT INTO move VALUES (4,107, 1,10);
INSERT INTO move VALUES (4,108, 4,9);
INSERT INTO move VALUES (4,109, 4,10);
INSERT INTO move VALUES (4,110, 5,9);
INSERT INTO move VALUES (4,111, 7,10);
INSERT INTO move VALUES (4,112, 9,12);
INSERT INTO move VALUES (4,113, 9,10);
INSERT INTO move VALUES (4,114, 10,13);
INSERT INTO move VALUES (4,115, 10,11);
INSERT INTO move VALUES (4,116, 12,13);
INSERT INTO move VALUES (4,117, 11,14);
INSERT INTO move VALUES (4,118, 11,13);
INSERT INTO move VALUES (4,119, 12,11);
INSERT INTO move VALUES (4,120, 12,14);
INSERT INTO move VALUES (4,121, 4,15);
INSERT INTO move VALUES (4,122, 13,12);
INSERT INTO move VALUES (4,123, 14,10);
INSERT INTO move VALUES (4,124, 13,16);
INSERT INTO move VALUES (4,125, 15,18);
INSERT INTO move VALUES (4,126, 17,19);
INSERT INTO move VALUES (4,127, 15,5);
INSERT INTO move VALUES (4,128, 16,5);
INSERT INTO move VALUES (4,129, 18,4);
INSERT INTO move VALUES (4,130, 16,3);
INSERT INTO move VALUES (4,131, 14,13);
INSERT INTO move VALUES (4,132, 14,14);
INSERT INTO move VALUES (4,133, 17,3);
INSERT INTO move VALUES (4,134, 17,5);
INSERT INTO move VALUES (4,135, 15,14);
INSERT INTO move VALUES (4,136, 11,17);
INSERT INTO move VALUES (4,137, 11,16);
INSERT INTO move VALUES (4,138, 11,15);
INSERT INTO move VALUES (4,139, 10,15);
INSERT INTO move VALUES (4,140, 10,14);
INSERT INTO move VALUES (4,141, 8,13);
INSERT INTO move VALUES (4,142, 8,12);
INSERT INTO move VALUES (4,143, 10,12);
INSERT INTO move VALUES (4,144, 8,15);
INSERT INTO move VALUES (4,145, 7,14);
INSERT INTO move VALUES (4,146, 9,13);
INSERT INTO move VALUES (4,147, 12,16);
INSERT INTO move VALUES (4,148, 14,12);
INSERT INTO move VALUES (4,149, 13,15);
INSERT INTO move VALUES (4,150, 13,10);
INSERT INTO move VALUES (4,151, 13,9);
INSERT INTO move VALUES (4,152, 12,10);
INSERT INTO move VALUES (4,153, 12,9);
INSERT INTO move VALUES (4,154, 11,10);
INSERT INTO move VALUES (4,155, 11,9);
INSERT INTO move VALUES (4,156, 10,10);
INSERT INTO move VALUES (4,157, 10,9);
INSERT INTO move VALUES (4,158, 9,11);
INSERT INTO move VALUES (4,159, 7,8);
INSERT INTO move VALUES (4,160, 8,10);
INSERT INTO move VALUES (4,161, 7,9);
INSERT INTO move VALUES (4,162, 2,6);
INSERT INTO move VALUES (4,163, 9,9);
INSERT INTO move VALUES (4,164, 13,11);
INSERT INTO move VALUES (4,165, 15,4);
INSERT INTO move VALUES (4,166, 11,4);
INSERT INTO move VALUES (4,167, 10,4);
INSERT INTO move VALUES (4,168, 10,3);
INSERT INTO move VALUES (4,169, 10,2);
INSERT INTO move VALUES (4,170, 9,3);
INSERT INTO move VALUES (4,171, 9,4);
INSERT INTO move VALUES (4,172, 18,8);
INSERT INTO move VALUES (4,173, 18,9);
INSERT INTO move VALUES (4,174, 17,9);
INSERT INTO move VALUES (4,175, 16,8);
INSERT INTO move VALUES (4,176, 18,7);
INSERT INTO move VALUES (4,177, 12,5);
INSERT INTO move VALUES (4,178, 13,6);
INSERT INTO move VALUES (4,179, 14,2);
INSERT INTO move VALUES (4,180, 12,1);
INSERT INTO move VALUES (4,181, 8,3);
INSERT INTO move VALUES (4,182, 14,3);
INSERT INTO move VALUES (4,183, 5,6);
INSERT INTO move VALUES (4,184, 6,2);
INSERT INTO move VALUES (4,185, 9,14);
INSERT INTO move VALUES (4,186, 16,18);
INSERT INTO move VALUES (4,187, 13,14);
INSERT INTO move VALUES (4,188, 18,10);
INSERT INTO move VALUES (4,189, 15,19);
INSERT INTO move VALUES (4,190, 8,6);
INSERT INTO move VALUES (4,191, 2,5);
INSERT INTO move VALUES (4,192, 3,5);
INSERT INTO move VALUES (4,193, 4,6);
INSERT INTO move VALUES (4,194, 2,7);
INSERT INTO move VALUES (4,195, 6,8);
INSERT INTO move VALUES (4,196, 12,15);
INSERT INTO move VALUES (4,197, 13,13);

INSERT INTO move VALUES (5,0, 16,4);
INSERT INTO move VALUES (5,1, 4,4);
INSERT INTO move VALUES (5,2, 17,16);
INSERT INTO move VALUES (5,3, 4,17);
INSERT INTO move VALUES (5,4, 15,16);
INSERT INTO move VALUES (5,5, 14,3);
INSERT INTO move VALUES (5,6, 17,6);
INSERT INTO move VALUES (5,7, 16,3);
INSERT INTO move VALUES (5,8, 17,3);
INSERT INTO move VALUES (5,9, 17,2);
INSERT INTO move VALUES (5,10, 15,3);
INSERT INTO move VALUES (5,11, 16,2);
INSERT INTO move VALUES (5,12, 15,4);
INSERT INTO move VALUES (5,13, 15,2);
INSERT INTO move VALUES (5,14, 14,4);
INSERT INTO move VALUES (5,15, 13,3);
INSERT INTO move VALUES (5,16, 3,3);
INSERT INTO move VALUES (5,17, 3,4);
INSERT INTO move VALUES (5,18, 4,3);
INSERT INTO move VALUES (5,19, 5,3);
INSERT INTO move VALUES (5,20, 5,2);
INSERT INTO move VALUES (5,21, 6,2);
INSERT INTO move VALUES (5,22, 6,3);
INSERT INTO move VALUES (5,23, 5,4);
INSERT INTO move VALUES (5,24, 7,2);
INSERT INTO move VALUES (5,25, 4,2);
INSERT INTO move VALUES (5,26, 6,1);
INSERT INTO move VALUES (5,27, 3,2);
INSERT INTO move VALUES (5,28, 3,15);
INSERT INTO move VALUES (5,29, 5,16);
INSERT INTO move VALUES (5,30, 3,12);
INSERT INTO move VALUES (5,31, 10,17);
INSERT INTO move VALUES (5,32, 10,16);
INSERT INTO move VALUES (5,33, 11,16);
INSERT INTO move VALUES (5,34, 9,17);
INSERT INTO move VALUES (5,35, 11,17);
INSERT INTO move VALUES (5,36, 9,16);
INSERT INTO move VALUES (5,37, 11,14);
INSERT INTO move VALUES (5,38, 5,14);
INSERT INTO move VALUES (5,39, 4,13);
INSERT INTO move VALUES (5,40, 5,15);
INSERT INTO move VALUES (5,41, 7,16);
INSERT INTO move VALUES (5,42, 10,14);
INSERT INTO move VALUES (5,43, 7,14);
INSERT INTO move VALUES (5,44, 11,13);
INSERT INTO move VALUES (5,45, 12,14);
INSERT INTO move VALUES (5,46, 10,13);
INSERT INTO move VALUES (5,47, 15,18);
INSERT INTO move VALUES (5,48, 4,16);
INSERT INTO move VALUES (5,49, 3,16);
INSERT INTO move VALUES (5,50, 4,15);
INSERT INTO move VALUES (5,51, 2,17);
INSERT INTO move VALUES (5,52, 2,3);
INSERT INTO move VALUES (5,53, 2,2);
INSERT INTO move VALUES (5,54, 6,16);
INSERT INTO move VALUES (5,55, 5,17);
INSERT INTO move VALUES (5,56, 6,17);
INSERT INTO move VALUES (5,57, 2,15);
INSERT INTO move VALUES (5,58, 2,14);
INSERT INTO move VALUES (5,59, 6,18);
INSERT INTO move VALUES (5,60, 7,17);
INSERT INTO move VALUES (5,61, 5,10);
INSERT INTO move VALUES (5,62, 3,10);
INSERT INTO move VALUES (5,63, 3,14);
INSERT INTO move VALUES (5,64, 3,18);
INSERT INTO move VALUES (5,65, 3,17);
INSERT INTO move VALUES (5,66, 1,15);
INSERT INTO move VALUES (5,67, 2,16);
INSERT INTO move VALUES (5,68, 3,13);
INSERT INTO move VALUES (5,69, 4,14);
INSERT INTO move VALUES (5,70, 5,12);
INSERT INTO move VALUES (5,71, 2,13);
INSERT INTO move VALUES (5,72, 4,12);
INSERT INTO move VALUES (5,73, 1,14);
INSERT INTO move VALUES (5,74, 16,12);
INSERT INTO move VALUES (5,75, 17,10);
INSERT INTO move VALUES (5,76, 18,12);
INSERT INTO move VALUES (5,77, 17,7);
INSERT INTO move VALUES (5,78, 18,7);
INSERT INTO move VALUES (5,79, 17,8);
INSERT INTO move VALUES (5,80, 18,8);
INSERT INTO move VALUES (5,81, 16,6);
INSERT INTO move VALUES (5,82, 17,5);
INSERT INTO move VALUES (5,83, 18,3);
INSERT INTO move VALUES (5,84, 14,17);
INSERT INTO move VALUES (5,85, 14,18);
INSERT INTO move VALUES (5,86, 16,17);
INSERT INTO move VALUES (5,87, 14,15);
INSERT INTO move VALUES (5,88, 15,7);
INSERT INTO move VALUES (5,89, 15,9);
INSERT INTO move VALUES (5,90, 15,11);
INSERT INTO move VALUES (5,91, 14,7);
INSERT INTO move VALUES (5,92, 14,6);
INSERT INTO move VALUES (5,93, 14,8);
INSERT INTO move VALUES (5,94, 15,6);
INSERT INTO move VALUES (5,95, 12,7);
INSERT INTO move VALUES (5,96, 13,11);
INSERT INTO move VALUES (5,97, 10,8);
INSERT INTO move VALUES (5,98, 13,17);
INSERT INTO move VALUES (5,99, 13,18);
INSERT INTO move VALUES (5,100, 16,18);
INSERT INTO move VALUES (5,101, 15,15);
INSERT INTO move VALUES (5,102, 16,15);
INSERT INTO move VALUES (5,103, 12,13);
INSERT INTO move VALUES (5,104, 9,9);
INSERT INTO move VALUES (5,105, 9,8);
INSERT INTO move VALUES (5,106, 8,8);
INSERT INTO move VALUES (5,107, 8,9);
INSERT INTO move VALUES (5,108, 10,9);
INSERT INTO move VALUES (5,109, 11,9);
INSERT INTO move VALUES (5,110, 11,10);
INSERT INTO move VALUES (5,111, 7,9);
INSERT INTO move VALUES (5,112, 8,7);
INSERT INTO move VALUES (5,113, 11,8);
INSERT INTO move VALUES (5,114, 12,17);
INSERT INTO move VALUES (5,115, 12,18);
INSERT INTO move VALUES (5,116, 10,18);
INSERT INTO move VALUES (5,117, 11,18);
INSERT INTO move VALUES (5,118, 8,18);
INSERT INTO move VALUES (5,119, 12,10);
INSERT INTO move VALUES (5,120, 11,11);
INSERT INTO move VALUES (5,121, 12,11);
INSERT INTO move VALUES (5,122, 12,12);
INSERT INTO move VALUES (5,123, 13,12);
INSERT INTO move VALUES (5,124, 11,12);
INSERT INTO move VALUES (5,125, 14,12);
INSERT INTO move VALUES (5,126, 2,6);
INSERT INTO move VALUES (5,127, 2,5);
INSERT INTO move VALUES (5,128, 6,7);
INSERT INTO move VALUES (5,129, 3,9);
INSERT INTO move VALUES (5,130, 3,5);
INSERT INTO move VALUES (5,131, 2,4);
INSERT INTO move VALUES (5,132, 4,9);
INSERT INTO move VALUES (5,133, 5,8);
INSERT INTO move VALUES (5,134, 3,8);
INSERT INTO move VALUES (5,135, 2,9);
INSERT INTO move VALUES (5,136, 4,8);
INSERT INTO move VALUES (5,137, 5,7);
INSERT INTO move VALUES (5,138, 6,5);
INSERT INTO move VALUES (5,139, 9,11);
INSERT INTO move VALUES (5,140, 10,10);
INSERT INTO move VALUES (5,141, 7,12);
INSERT INTO move VALUES (5,142, 7,11);
INSERT INTO move VALUES (5,143, 6,11);
INSERT INTO move VALUES (5,144, 6,12);
INSERT INTO move VALUES (5,145, 7,10);
INSERT INTO move VALUES (5,146, 14,11);
INSERT INTO move VALUES (5,147, 15,13);
INSERT INTO move VALUES (5,148, 11,6);
INSERT INTO move VALUES (5,149, 12,6);
INSERT INTO move VALUES (5,150, 12,5);
INSERT INTO move VALUES (5,151, 11,5);
INSERT INTO move VALUES (5,152, 10,5);
INSERT INTO move VALUES (5,153, 11,4);
INSERT INTO move VALUES (5,154, 5,9);
INSERT INTO move VALUES (5,155, 6,8);
INSERT INTO move VALUES (5,156, 9,6);
INSERT INTO move VALUES (5,157, 13,5);
INSERT INTO move VALUES (5,158, 10,4);
INSERT INTO move VALUES (5,159, 11,3);
INSERT INTO move VALUES (5,160, 11,15);
INSERT INTO move VALUES (5,161, 12,16);
INSERT INTO move VALUES (5,162, 4,6);
INSERT INTO move VALUES (5,163, 5,6);
INSERT INTO move VALUES (5,164, 5,5);
INSERT INTO move VALUES (5,165, 4,5);
INSERT INTO move VALUES (5,166, 12,4);
INSERT INTO move VALUES (5,167, 13,4);
INSERT INTO move VALUES (5,168, 6,9);
INSERT INTO move VALUES (5,169, 7,8);
INSERT INTO move VALUES (5,170, 2,8);
INSERT INTO move VALUES (5,171, 6,4);
INSERT INTO move VALUES (5,172, 7,5);
INSERT INTO move VALUES (5,173, 7,4);
INSERT INTO move VALUES (5,174, 8,5);
INSERT INTO move VALUES (5,175, 10,3);
INSERT INTO move VALUES (5,176, 9,3);
INSERT INTO move VALUES (5,177, 6,13);
INSERT INTO move VALUES (5,178, 5,13);
INSERT INTO move VALUES (5,179, 9,4);
INSERT INTO move VALUES (5,180, 8,4);
INSERT INTO move VALUES (5,181, 8,3);
INSERT INTO move VALUES (5,182, 9,2);
INSERT INTO move VALUES (5,183, 7,3);

INSERT INTO move VALUES (6,0, 17,4);
INSERT INTO move VALUES (6,1, 4,3);
INSERT INTO move VALUES (6,2, 4,17);
INSERT INTO move VALUES (6,3, 16,16);
INSERT INTO move VALUES (6,4, 3,5);
INSERT INTO move VALUES (6,5, 6,4);
INSERT INTO move VALUES (6,6, 14,3);
INSERT INTO move VALUES (6,7, 3,15);
INSERT INTO move VALUES (6,8, 6,16);
INSERT INTO move VALUES (6,9, 3,9);
INSERT INTO move VALUES (6,10, 17,17);
INSERT INTO move VALUES (6,11, 16,17);
INSERT INTO move VALUES (6,12, 17,16);
INSERT INTO move VALUES (6,13, 17,14);
INSERT INTO move VALUES (6,14, 17,15);
INSERT INTO move VALUES (6,15, 16,15);
INSERT INTO move VALUES (6,16, 18,14);
INSERT INTO move VALUES (6,17, 17,18);
INSERT INTO move VALUES (6,18, 18,18);
INSERT INTO move VALUES (6,19, 18,15);
INSERT INTO move VALUES (6,20, 16,14);
INSERT INTO move VALUES (6,21, 17,13);
INSERT INTO move VALUES (6,22, 18,16);
INSERT INTO move VALUES (6,23, 15,14);
INSERT INTO move VALUES (6,24, 6,5);
INSERT INTO move VALUES (6,25, 18,13);
INSERT INTO move VALUES (6,26, 16,13);
INSERT INTO move VALUES (6,27, 15,12);
INSERT INTO move VALUES (6,28, 7,4);
INSERT INTO move VALUES (6,29, 6,3);
INSERT INTO move VALUES (6,30, 3,3);
INSERT INTO move VALUES (6,31, 3,2);
INSERT INTO move VALUES (6,32, 4,4);
INSERT INTO move VALUES (6,33, 5,2);
INSERT INTO move VALUES (6,34, 3,11);
INSERT INTO move VALUES (6,35, 5,9);
INSERT INTO move VALUES (6,36, 3,13);
INSERT INTO move VALUES (6,37, 4,6);
INSERT INTO move VALUES (6,38, 5,4);
INSERT INTO move VALUES (6,39, 2,3);
INSERT INTO move VALUES (6,40, 5,6);
INSERT INTO move VALUES (6,41, 8,17);
INSERT INTO move VALUES (6,42, 4,7);
INSERT INTO move VALUES (6,43, 4,12);
INSERT INTO move VALUES (6,44, 4,13);
INSERT INTO move VALUES (6,45, 3,12);
INSERT INTO move VALUES (6,46, 2,12);
INSERT INTO move VALUES (6,47, 4,11);
INSERT INTO move VALUES (6,48, 2,11);
INSERT INTO move VALUES (6,49, 3,17);
INSERT INTO move VALUES (6,50, 3,18);
INSERT INTO move VALUES (6,51, 4,16);
INSERT INTO move VALUES (6,52, 5,17);
INSERT INTO move VALUES (6,53, 5,13);
INSERT INTO move VALUES (6,54, 5,14);
INSERT INTO move VALUES (6,55, 6,13);
INSERT INTO move VALUES (6,56, 6,14);
INSERT INTO move VALUES (6,57, 7,13);
INSERT INTO move VALUES (6,58, 16,18);
INSERT INTO move VALUES (6,59, 15,18);
INSERT INTO move VALUES (6,60, 7,14);
INSERT INTO move VALUES (6,61, 8,13);
INSERT INTO move VALUES (6,62, 17,19);
INSERT INTO move VALUES (6,63, 16,12);
INSERT INTO move VALUES (6,64, 9,16);
INSERT INTO move VALUES (6,65, 2,18);
INSERT INTO move VALUES (6,66, 2,17);
INSERT INTO move VALUES (6,67, 2,16);
INSERT INTO move VALUES (6,68, 3,16);
INSERT INTO move VALUES (6,69, 16,4);
INSERT INTO move VALUES (6,70, 3,17);
INSERT INTO move VALUES (6,71, 17,3);
INSERT INTO move VALUES (6,72, 16,5);
INSERT INTO move VALUES (6,73, 15,4);
INSERT INTO move VALUES (6,74, 17,5);
INSERT INTO move VALUES (6,75, 16,2);
INSERT INTO move VALUES (6,76, 17,9);
INSERT INTO move VALUES (6,77, 11,4);
INSERT INTO move VALUES (6,78, 16,7);
INSERT INTO move VALUES (6,79, 14,4);
INSERT INTO move VALUES (6,80, 10,4);
INSERT INTO move VALUES (6,81, 11,3);
INSERT INTO move VALUES (6,82, 11,17);
INSERT INTO move VALUES (6,83, 7,5);
INSERT INTO move VALUES (6,84, 8,4);
INSERT INTO move VALUES (6,85, 8,5);
INSERT INTO move VALUES (6,86, 6,7);
INSERT INTO move VALUES (6,87, 8,7);
INSERT INTO move VALUES (6,88, 11,5);
INSERT INTO move VALUES (6,89, 3,4);
INSERT INTO move VALUES (6,90, 9,5);
INSERT INTO move VALUES (6,91, 3,6);
INSERT INTO move VALUES (6,92, 3,8);
INSERT INTO move VALUES (6,93, 7,7);
INSERT INTO move VALUES (6,94, 2,9);
INSERT INTO move VALUES (6,95, 10,18);
INSERT INTO move VALUES (6,96, 11,18);
INSERT INTO move VALUES (6,97, 10,17);
INSERT INTO move VALUES (6,98, 10,16);
INSERT INTO move VALUES (6,99, 11,16);
INSERT INTO move VALUES (6,100, 8,16);
INSERT INTO move VALUES (6,101, 12,16);
INSERT INTO move VALUES (6,102, 13,17);
INSERT INTO move VALUES (6,103, 13,16);
INSERT INTO move VALUES (6,104, 14,17);
INSERT INTO move VALUES (6,105, 15,17);
INSERT INTO move VALUES (6,106, 14,16);
INSERT INTO move VALUES (6,107, 14,15);
INSERT INTO move VALUES (6,108, 12,17);
INSERT INTO move VALUES (6,109, 10,6);
INSERT INTO move VALUES (6,110, 12,5);
INSERT INTO move VALUES (6,111, 11,7);
INSERT INTO move VALUES (6,112, 13,4);
INSERT INTO move VALUES (6,113, 10,3);
INSERT INTO move VALUES (6,114, 10,5);
INSERT INTO move VALUES (6,115, 9,3);
INSERT INTO move VALUES (6,116, 12,7);
INSERT INTO move VALUES (6,117, 15,6);
INSERT INTO move VALUES (6,118, 13,2);
INSERT INTO move VALUES (6,119, 13,6);
INSERT INTO move VALUES (6,120, 12,6);
INSERT INTO move VALUES (6,121, 14,8);
INSERT INTO move VALUES (6,122, 12,9);
INSERT INTO move VALUES (6,123, 11,8);
INSERT INTO move VALUES (6,124, 13,7);
INSERT INTO move VALUES (6,125, 14,7);
INSERT INTO move VALUES (6,126, 13,9);
INSERT INTO move VALUES (6,127, 15,10);
INSERT INTO move VALUES (6,128, 11,9);
INSERT INTO move VALUES (6,129, 18,10);
INSERT INTO move VALUES (6,130, 18,9);
INSERT INTO move VALUES (6,131, 16,8);
INSERT INTO move VALUES (6,132, 17,8);
INSERT INTO move VALUES (6,133, 16,6);
INSERT INTO move VALUES (6,134, 18,7);
INSERT INTO move VALUES (6,135, 10,10);
INSERT INTO move VALUES (6,136, 10,9);
INSERT INTO move VALUES (6,137, 9,10);
INSERT INTO move VALUES (6,138, 9,4);
INSERT INTO move VALUES (6,139, 12,3);
INSERT INTO move VALUES (6,140, 13,3);
INSERT INTO move VALUES (6,141, 12,2);
INSERT INTO move VALUES (6,142, 8,9);
INSERT INTO move VALUES (6,143, 7,9);
INSERT INTO move VALUES (6,144, 7,2);
INSERT INTO move VALUES (6,145, 8,2);
INSERT INTO move VALUES (6,146, 12,12);
INSERT INTO move VALUES (6,147, 11,13);
INSERT INTO move VALUES (6,148, 12,13);
INSERT INTO move VALUES (6,149, 11,14);
INSERT INTO move VALUES (6,150, 12,14);
INSERT INTO move VALUES (6,151, 12,15);
INSERT INTO move VALUES (6,152, 14,13);
INSERT INTO move VALUES (6,153, 15,13);
INSERT INTO move VALUES (6,154, 9,6);
INSERT INTO move VALUES (6,155, 9,7);
INSERT INTO move VALUES (6,156, 8,10);
INSERT INTO move VALUES (6,157, 8,11);
INSERT INTO move VALUES (6,158, 9,9);
INSERT INTO move VALUES (6,159, 6,8);
INSERT INTO move VALUES (6,160, 10,12);
INSERT INTO move VALUES (6,161, 9,11);
INSERT INTO move VALUES (6,162, 10,13);
INSERT INTO move VALUES (6,163, 10,14);
INSERT INTO move VALUES (6,164, 9,14);
INSERT INTO move VALUES (6,165, 9,13);
INSERT INTO move VALUES (6,166, 7,3);
INSERT INTO move VALUES (6,167, 14,1);
INSERT INTO move VALUES (6,168, 11,12);
INSERT INTO move VALUES (6,169, 13,15);
INSERT INTO move VALUES (6,170, 7,10);
INSERT INTO move VALUES (6,171, 6,10);
INSERT INTO move VALUES (6,172, 4,10);
INSERT INTO move VALUES (6,173, 5,10);
INSERT INTO move VALUES (6,174, 7,11);
INSERT INTO move VALUES (6,175, 6,11);
INSERT INTO move VALUES (6,176, 2,4);
INSERT INTO move VALUES (6,177, 3,3);
INSERT INTO move VALUES (6,178, 5,12);
INSERT INTO move VALUES (6,179, 5,11);
INSERT INTO move VALUES (6,180, 5,8);
INSERT INTO move VALUES (6,181, 4,9);
INSERT INTO move VALUES (6,182, 3,10);
INSERT INTO move VALUES (6,183, 3,7);
INSERT INTO move VALUES (6,184, 10,7);
INSERT INTO move VALUES (6,185, 10,8);
INSERT INTO move VALUES (6,186, 7,6);
INSERT INTO move VALUES (6,187, 8,6);
INSERT INTO move VALUES (6,188, 7,8);
INSERT INTO move VALUES (6,189, 8,8);
INSERT INTO move VALUES (6,190, 9,8);
INSERT INTO move VALUES (6,191, 6,6);
INSERT INTO move VALUES (6,192, 15,2);
INSERT INTO move VALUES (6,193, 10,2);
INSERT INTO move VALUES (6,194, 7,6);
INSERT INTO move VALUES (6,195, 2,13);
INSERT INTO move VALUES (6,196, 2,14);
INSERT INTO move VALUES (6,197, 6,6);
INSERT INTO move VALUES (6,198, 11,1);
INSERT INTO move VALUES (6,199, 12,1);
INSERT INTO move VALUES (6,200, 7,6);
INSERT INTO move VALUES (6,201, 4,14);
INSERT INTO move VALUES (6,202, 1,13);
INSERT INTO move VALUES (6,203, 6,6);
INSERT INTO move VALUES (6,204, 9,12);
INSERT INTO move VALUES (6,205, 8,12);
INSERT INTO move VALUES (6,206, 7,6);
INSERT INTO move VALUES (6,207, 17,6);
INSERT INTO move VALUES (6,208, 18,6);
INSERT INTO move VALUES (6,209, 6,6);
INSERT INTO move VALUES (6,210, 11,15);
INSERT INTO move VALUES (6,211, 10,15);
INSERT INTO move VALUES (6,212, 7,6);
INSERT INTO move VALUES (6,213, 18,3);
INSERT INTO move VALUES (6,214, 16,10);
INSERT INTO move VALUES (6,215, 6,6);
INSERT INTO move VALUES (6,216, 15,9);
INSERT INTO move VALUES (6,217, 14,9);
INSERT INTO move VALUES (6,218, 7,6);
INSERT INTO move VALUES (6,219, 18,4);
INSERT INTO move VALUES (6,220, 18,5);
INSERT INTO move VALUES (6,221, 6,6);
INSERT INTO move VALUES (6,222, 14,10);
INSERT INTO move VALUES (6,223, 15,11);
INSERT INTO move VALUES (6,224, 7,6);
INSERT INTO move VALUES (6,225, 13,11);

INSERT INTO move VALUES (7,0, 17,4);
INSERT INTO move VALUES (7,1, 4,3);
INSERT INTO move VALUES (7,2, 4,17);
INSERT INTO move VALUES (7,3, 16,16);
INSERT INTO move VALUES (7,4, 3,5);
INSERT INTO move VALUES (7,5, 6,4);
INSERT INTO move VALUES (7,6, 14,3);
INSERT INTO move VALUES (7,7, 3,15);
INSERT INTO move VALUES (7,8, 6,16);
INSERT INTO move VALUES (7,9, 3,9);
INSERT INTO move VALUES (7,10, 17,17);
INSERT INTO move VALUES (7,11, 16,17);
INSERT INTO move VALUES (7,12, 17,16);
INSERT INTO move VALUES (7,13, 17,14);
INSERT INTO move VALUES (7,14, 17,15);
INSERT INTO move VALUES (7,15, 16,15);
INSERT INTO move VALUES (7,16, 18,14);
INSERT INTO move VALUES (7,17, 17,18);
INSERT INTO move VALUES (7,18, 18,18);
INSERT INTO move VALUES (7,19, 18,15);
INSERT INTO move VALUES (7,20, 16,14);
INSERT INTO move VALUES (7,21, 17,13);
INSERT INTO move VALUES (7,22, 18,16);
INSERT INTO move VALUES (7,23, 15,14);
INSERT INTO move VALUES (7,24, 6,5);
INSERT INTO move VALUES (7,25, 18,13);
INSERT INTO move VALUES (7,26, 16,13);
INSERT INTO move VALUES (7,27, 15,12);
INSERT INTO move VALUES (7,28, 7,4);
INSERT INTO move VALUES (7,29, 6,3);
INSERT INTO move VALUES (7,30, 3,3);
INSERT INTO move VALUES (7,31, 3,2);
INSERT INTO move VALUES (7,32, 4,4);
INSERT INTO move VALUES (7,33, 5,2);
INSERT INTO move VALUES (7,34, 3,11);
INSERT INTO move VALUES (7,35, 5,9);
INSERT INTO move VALUES (7,36, 3,13);
INSERT INTO move VALUES (7,37, 4,6);
INSERT INTO move VALUES (7,38, 5,4);
INSERT INTO move VALUES (7,39, 2,3);
INSERT INTO move VALUES (7,40, 5,6);
INSERT INTO move VALUES (7,41, 8,17);
INSERT INTO move VALUES (7,42, 4,7);
INSERT INTO move VALUES (7,43, 4,12);
INSERT INTO move VALUES (7,44, 4,13);
INSERT INTO move VALUES (7,45, 3,12);
INSERT INTO move VALUES (7,46, 2,12);
INSERT INTO move VALUES (7,47, 4,11);
INSERT INTO move VALUES (7,48, 2,11);
INSERT INTO move VALUES (7,49, 3,17);
INSERT INTO move VALUES (7,50, 3,18);
INSERT INTO move VALUES (7,51, 4,16);
INSERT INTO move VALUES (7,52, 5,17);
INSERT INTO move VALUES (7,53, 5,13);
INSERT INTO move VALUES (7,54, 5,14);
INSERT INTO move VALUES (7,55, 6,13);
INSERT INTO move VALUES (7,56, 6,14);
INSERT INTO move VALUES (7,57, 7,13);
INSERT INTO move VALUES (7,58, 16,18);
INSERT INTO move VALUES (7,59, 15,18);
INSERT INTO move VALUES (7,60, 7,14);
INSERT INTO move VALUES (7,61, 8,13);
INSERT INTO move VALUES (7,62, 17,19);
INSERT INTO move VALUES (7,63, 16,12);
INSERT INTO move VALUES (7,64, 9,16);
INSERT INTO move VALUES (7,65, 2,18);
INSERT INTO move VALUES (7,66, 2,17);
INSERT INTO move VALUES (7,67, 2,16);
INSERT INTO move VALUES (7,68, 3,16);
INSERT INTO move VALUES (7,69, 16,4);
INSERT INTO move VALUES (7,70, 3,17);
INSERT INTO move VALUES (7,71, 17,3);
INSERT INTO move VALUES (7,72, 16,5);
INSERT INTO move VALUES (7,73, 15,4);
INSERT INTO move VALUES (7,74, 17,5);
INSERT INTO move VALUES (7,75, 16,2);
INSERT INTO move VALUES (7,76, 17,9);
INSERT INTO move VALUES (7,77, 11,4);
INSERT INTO move VALUES (7,78, 16,7);
INSERT INTO move VALUES (7,79, 14,4);
INSERT INTO move VALUES (7,80, 10,4);
INSERT INTO move VALUES (7,81, 11,3);
INSERT INTO move VALUES (7,82, 11,17);
INSERT INTO move VALUES (7,83, 7,5);
INSERT INTO move VALUES (7,84, 8,4);
INSERT INTO move VALUES (7,85, 8,5);
INSERT INTO move VALUES (7,86, 6,7);
INSERT INTO move VALUES (7,87, 8,7);
INSERT INTO move VALUES (7,88, 11,5);
INSERT INTO move VALUES (7,89, 3,4);
INSERT INTO move VALUES (7,90, 9,5);
INSERT INTO move VALUES (7,91, 3,6);
INSERT INTO move VALUES (7,92, 3,8);
INSERT INTO move VALUES (7,93, 7,7);
INSERT INTO move VALUES (7,94, 2,9);
INSERT INTO move VALUES (7,95, 10,18);
INSERT INTO move VALUES (7,96, 11,18);
INSERT INTO move VALUES (7,97, 10,17);
INSERT INTO move VALUES (7,98, 10,16);
INSERT INTO move VALUES (7,99, 11,16);
INSERT INTO move VALUES (7,100, 8,16);
INSERT INTO move VALUES (7,101, 12,16);
INSERT INTO move VALUES (7,102, 13,17);
INSERT INTO move VALUES (7,103, 13,16);
INSERT INTO move VALUES (7,104, 14,17);
INSERT INTO move VALUES (7,105, 15,17);
INSERT INTO move VALUES (7,106, 14,16);
INSERT INTO move VALUES (7,107, 14,15);
INSERT INTO move VALUES (7,108, 12,17);
INSERT INTO move VALUES (7,109, 10,6);
INSERT INTO move VALUES (7,110, 12,5);
INSERT INTO move VALUES (7,111, 11,7);
INSERT INTO move VALUES (7,112, 13,4);
INSERT INTO move VALUES (7,113, 10,3);
INSERT INTO move VALUES (7,114, 10,5);
INSERT INTO move VALUES (7,115, 9,3);
INSERT INTO move VALUES (7,116, 12,7);
INSERT INTO move VALUES (7,117, 15,6);
INSERT INTO move VALUES (7,118, 13,2);
INSERT INTO move VALUES (7,119, 13,6);
INSERT INTO move VALUES (7,120, 12,6);
INSERT INTO move VALUES (7,121, 14,8);
INSERT INTO move VALUES (7,122, 12,9);
INSERT INTO move VALUES (7,123, 11,8);
INSERT INTO move VALUES (7,124, 13,7);
INSERT INTO move VALUES (7,125, 14,7);
INSERT INTO move VALUES (7,126, 13,9);
INSERT INTO move VALUES (7,127, 15,10);
INSERT INTO move VALUES (7,128, 11,9);
INSERT INTO move VALUES (7,129, 18,10);
INSERT INTO move VALUES (7,130, 18,9);
INSERT INTO move VALUES (7,131, 16,8);
INSERT INTO move VALUES (7,132, 17,8);
INSERT INTO move VALUES (7,133, 16,6);
INSERT INTO move VALUES (7,134, 18,7);
INSERT INTO move VALUES (7,135, 10,10);
INSERT INTO move VALUES (7,136, 10,9);
INSERT INTO move VALUES (7,137, 9,10);
INSERT INTO move VALUES (7,138, 9,4);
INSERT INTO move VALUES (7,139, 12,3);
INSERT INTO move VALUES (7,140, 13,3);
INSERT INTO move VALUES (7,141, 12,2);
INSERT INTO move VALUES (7,142, 8,9);
INSERT INTO move VALUES (7,143, 7,9);
INSERT INTO move VALUES (7,144, 7,2);
INSERT INTO move VALUES (7,145, 8,2);
INSERT INTO move VALUES (7,146, 12,12);
INSERT INTO move VALUES (7,147, 11,13);
INSERT INTO move VALUES (7,148, 12,13);
INSERT INTO move VALUES (7,149, 11,14);
INSERT INTO move VALUES (7,150, 12,14);
INSERT INTO move VALUES (7,151, 12,15);
INSERT INTO move VALUES (7,152, 14,13);
INSERT INTO move VALUES (7,153, 15,13);
INSERT INTO move VALUES (7,154, 9,6);
INSERT INTO move VALUES (7,155, 9,7);
INSERT INTO move VALUES (7,156, 8,10);
INSERT INTO move VALUES (7,157, 8,11);
INSERT INTO move VALUES (7,158, 9,9);
INSERT INTO move VALUES (7,159, 6,8);
INSERT INTO move VALUES (7,160, 10,12);
INSERT INTO move VALUES (7,161, 9,11);
INSERT INTO move VALUES (7,162, 10,13);
INSERT INTO move VALUES (7,163, 10,14);
INSERT INTO move VALUES (7,164, 9,14);
INSERT INTO move VALUES (7,165, 9,13);
INSERT INTO move VALUES (7,166, 7,3);
INSERT INTO move VALUES (7,167, 14,1);
INSERT INTO move VALUES (7,168, 11,12);
INSERT INTO move VALUES (7,169, 13,15);
INSERT INTO move VALUES (7,170, 7,10);
INSERT INTO move VALUES (7,171, 6,10);
INSERT INTO move VALUES (7,172, 4,10);
INSERT INTO move VALUES (7,173, 5,10);
INSERT INTO move VALUES (7,174, 7,11);
INSERT INTO move VALUES (7,175, 6,11);
INSERT INTO move VALUES (7,176, 2,4);
INSERT INTO move VALUES (7,177, 3,3);
INSERT INTO move VALUES (7,178, 5,12);
INSERT INTO move VALUES (7,179, 5,11);
INSERT INTO move VALUES (7,180, 5,8);
INSERT INTO move VALUES (7,181, 4,9);
INSERT INTO move VALUES (7,182, 3,10);
INSERT INTO move VALUES (7,183, 3,7);
INSERT INTO move VALUES (7,184, 10,7);
INSERT INTO move VALUES (7,185, 10,8);
INSERT INTO move VALUES (7,186, 7,6);
INSERT INTO move VALUES (7,187, 8,6);
INSERT INTO move VALUES (7,188, 7,8);
INSERT INTO move VALUES (7,189, 8,8);
INSERT INTO move VALUES (7,190, 9,8);
INSERT INTO move VALUES (7,191, 6,6);
INSERT INTO move VALUES (7,192, 15,2);
INSERT INTO move VALUES (7,193, 10,2);
INSERT INTO move VALUES (7,194, 7,6);
INSERT INTO move VALUES (7,195, 2,13);
INSERT INTO move VALUES (7,196, 2,14);
INSERT INTO move VALUES (7,197, 6,6);
INSERT INTO move VALUES (7,198, 11,1);
INSERT INTO move VALUES (7,199, 12,1);
INSERT INTO move VALUES (7,200, 7,6);
INSERT INTO move VALUES (7,201, 4,14);
INSERT INTO move VALUES (7,202, 1,13);
INSERT INTO move VALUES (7,203, 6,6);
INSERT INTO move VALUES (7,204, 9,12);
INSERT INTO move VALUES (7,205, 8,12);
INSERT INTO move VALUES (7,206, 7,6);
INSERT INTO move VALUES (7,207, 17,6);
INSERT INTO move VALUES (7,208, 18,6);
INSERT INTO move VALUES (7,209, 6,6);
INSERT INTO move VALUES (7,210, 11,15);
INSERT INTO move VALUES (7,211, 10,15);
INSERT INTO move VALUES (7,212, 7,6);
INSERT INTO move VALUES (7,213, 18,3);
INSERT INTO move VALUES (7,214, 16,10);
INSERT INTO move VALUES (7,215, 6,6);
INSERT INTO move VALUES (7,216, 15,9);
INSERT INTO move VALUES (7,217, 14,9);
INSERT INTO move VALUES (7,218, 7,6);
INSERT INTO move VALUES (7,219, 18,4);
INSERT INTO move VALUES (7,220, 18,5);
INSERT INTO move VALUES (7,221, 6,6);
INSERT INTO move VALUES (7,222, 14,10);
INSERT INTO move VALUES (7,223, 15,11);
INSERT INTO move VALUES (7,224, 7,6);
INSERT INTO move VALUES (7,225, 13,11);

INSERT INTO move VALUES (8,0, 16,4);
INSERT INTO move VALUES (8,1, 4,16);
INSERT INTO move VALUES (8,2, 16,16);
INSERT INTO move VALUES (8,3, 4,3);
INSERT INTO move VALUES (8,4, 3,17);
INSERT INTO move VALUES (8,5, 3,16);
INSERT INTO move VALUES (8,6, 4,17);
INSERT INTO move VALUES (8,7, 5,16);
INSERT INTO move VALUES (8,8, 6,17);
INSERT INTO move VALUES (8,9, 17,3);
INSERT INTO move VALUES (8,10, 17,4);
INSERT INTO move VALUES (8,11, 16,3);
INSERT INTO move VALUES (8,12, 15,4);
INSERT INTO move VALUES (8,13, 14,2);
INSERT INTO move VALUES (8,14, 7,18);
INSERT INTO move VALUES (8,15, 3,6);
INSERT INTO move VALUES (8,16, 4,12);
INSERT INTO move VALUES (8,17, 7,15);
INSERT INTO move VALUES (8,18, 3,8);
INSERT INTO move VALUES (8,19, 17,17);
INSERT INTO move VALUES (8,20, 16,17);
INSERT INTO move VALUES (8,21, 17,16);
INSERT INTO move VALUES (8,22, 17,14);
INSERT INTO move VALUES (8,23, 17,15);
INSERT INTO move VALUES (8,24, 16,15);
INSERT INTO move VALUES (8,25, 18,14);
INSERT INTO move VALUES (8,26, 17,18);
INSERT INTO move VALUES (8,27, 18,18);
INSERT INTO move VALUES (8,28, 18,15);
INSERT INTO move VALUES (8,29, 18,16);
INSERT INTO move VALUES (8,30, 18,13);
INSERT INTO move VALUES (8,31, 16,14);
INSERT INTO move VALUES (8,32, 17,13);
INSERT INTO move VALUES (8,33, 15,14);
INSERT INTO move VALUES (8,34, 15,12);
INSERT INTO move VALUES (8,35, 13,14);
INSERT INTO move VALUES (8,36, 12,16);
INSERT INTO move VALUES (8,37, 11,15);
INSERT INTO move VALUES (8,38, 11,16);
INSERT INTO move VALUES (8,39, 10,15);
INSERT INTO move VALUES (8,40, 10,16);
INSERT INTO move VALUES (8,41, 9,15);
INSERT INTO move VALUES (8,42, 14,15);
INSERT INTO move VALUES (8,43, 14,14);
INSERT INTO move VALUES (8,44, 16,10);
INSERT INTO move VALUES (8,45, 13,3);
INSERT INTO move VALUES (8,46, 8,16);
INSERT INTO move VALUES (8,47, 9,16);
INSERT INTO move VALUES (8,48, 12,15);
INSERT INTO move VALUES (8,49, 12,14);
INSERT INTO move VALUES (8,50, 9,17);
INSERT INTO move VALUES (8,51, 8,15);
INSERT INTO move VALUES (8,52, 5,8);
INSERT INTO move VALUES (8,53, 3,10);
INSERT INTO move VALUES (8,54, 4,10);
INSERT INTO move VALUES (8,55, 3,9);
INSERT INTO move VALUES (8,56, 4,8);
INSERT INTO move VALUES (8,57, 2,12);
INSERT INTO move VALUES (8,58, 4,4);
INSERT INTO move VALUES (8,59, 5,4);
INSERT INTO move VALUES (8,60, 3,3);
INSERT INTO move VALUES (8,61, 3,4);
INSERT INTO move VALUES (8,62, 4,5);
INSERT INTO move VALUES (8,63, 3,5);
INSERT INTO move VALUES (8,64, 5,3);
INSERT INTO move VALUES (8,65, 4,2);
INSERT INTO move VALUES (8,66, 4,6);
INSERT INTO move VALUES (8,67, 6,3);
INSERT INTO move VALUES (8,68, 3,11);
INSERT INTO move VALUES (8,69, 2,11);
INSERT INTO move VALUES (8,70, 3,2);
INSERT INTO move VALUES (8,71, 5,2);
INSERT INTO move VALUES (8,72, 2,4);
INSERT INTO move VALUES (8,73, 2,5);
INSERT INTO move VALUES (8,74, 1,3);
INSERT INTO move VALUES (8,75, 4,9);
INSERT INTO move VALUES (8,76, 5,9);
INSERT INTO move VALUES (8,77, 5,10);
INSERT INTO move VALUES (8,78, 6,10);
INSERT INTO move VALUES (8,79, 4,11);
INSERT INTO move VALUES (8,80, 5,11);
INSERT INTO move VALUES (8,81, 3,7);
INSERT INTO move VALUES (8,82, 4,10);
INSERT INTO move VALUES (8,83, 4,7);
INSERT INTO move VALUES (8,84, 2,9);
INSERT INTO move VALUES (8,85, 2,10);
INSERT INTO move VALUES (8,86, 2,7);
INSERT INTO move VALUES (8,87, 3,14);
INSERT INTO move VALUES (8,88, 1,5);
INSERT INTO move VALUES (8,89, 5,7);
INSERT INTO move VALUES (8,90, 6,7);
INSERT INTO move VALUES (8,91, 6,6);
INSERT INTO move VALUES (8,92, 2,6);
INSERT INTO move VALUES (8,93, 5,6);
INSERT INTO move VALUES (8,94, 13,4);
INSERT INTO move VALUES (8,95, 12,4);
INSERT INTO move VALUES (8,96, 14,3);
INSERT INTO move VALUES (8,97, 12,2);
INSERT INTO move VALUES (8,98, 12,5);
INSERT INTO move VALUES (8,99, 11,4);
INSERT INTO move VALUES (8,100, 13,6);
INSERT INTO move VALUES (8,101, 12,10);
INSERT INTO move VALUES (8,102, 13,12);
INSERT INTO move VALUES (8,103, 12,12);
INSERT INTO move VALUES (8,104, 13,10);
INSERT INTO move VALUES (8,105, 15,3);
INSERT INTO move VALUES (8,106, 14,4);
INSERT INTO move VALUES (8,107, 18,3);
INSERT INTO move VALUES (8,108, 18,4);
INSERT INTO move VALUES (8,109, 16,18);
INSERT INTO move VALUES (8,110, 15,18);
INSERT INTO move VALUES (8,111, 17,19);
INSERT INTO move VALUES (8,112, 14,17);
INSERT INTO move VALUES (8,113, 7,7);
INSERT INTO move VALUES (8,114, 10,6);
INSERT INTO move VALUES (8,115, 11,5);
INSERT INTO move VALUES (8,116, 11,6);
INSERT INTO move VALUES (8,117, 12,7);
INSERT INTO move VALUES (8,118, 12,6);
INSERT INTO move VALUES (8,119, 2,17);
INSERT INTO move VALUES (8,120, 2,18);
INSERT INTO move VALUES (8,121, 13,11);
INSERT INTO move VALUES (8,122, 14,11);
INSERT INTO move VALUES (8,123, 12,11);
INSERT INTO move VALUES (8,124, 13,9);
INSERT INTO move VALUES (8,125, 12,9);
INSERT INTO move VALUES (8,126, 13,8);
INSERT INTO move VALUES (8,127, 19,4);
INSERT INTO move VALUES (8,128, 19,5);
INSERT INTO move VALUES (8,129, 19,3);
INSERT INTO move VALUES (8,130, 18,5);
INSERT INTO move VALUES (8,131, 7,11);
INSERT INTO move VALUES (8,132, 7,10);
INSERT INTO move VALUES (8,133, 8,10);
INSERT INTO move VALUES (8,134, 8,9);
INSERT INTO move VALUES (8,135, 8,11);
INSERT INTO move VALUES (8,136, 9,4);
INSERT INTO move VALUES (8,137, 8,8);
INSERT INTO move VALUES (8,138, 8,6);
INSERT INTO move VALUES (8,139, 2,1);
INSERT INTO move VALUES (8,140, 3,1);
INSERT INTO move VALUES (8,141, 2,2);
INSERT INTO move VALUES (8,142, 2,3);
INSERT INTO move VALUES (8,143, 1,9);
INSERT INTO move VALUES (8,144, 2,8);
INSERT INTO move VALUES (8,145, 10,5);
INSERT INTO move VALUES (8,146, 9,9);
INSERT INTO move VALUES (8,147, 9,5);
INSERT INTO move VALUES (8,148, 9,8);
INSERT INTO move VALUES (8,149, 8,5);
INSERT INTO move VALUES (8,150, 19,14);
INSERT INTO move VALUES (8,151, 5,17);
INSERT INTO move VALUES (8,152, 5,18);
INSERT INTO move VALUES (8,153, 3,18);
INSERT INTO move VALUES (8,154, 4,18);
INSERT INTO move VALUES (8,155, 1,18);
INSERT INTO move VALUES (8,156, 2,19);
INSERT INTO move VALUES (8,157, 6,12);
INSERT INTO move VALUES (8,158, 2,16);
INSERT INTO move VALUES (8,159, 2,15);
INSERT INTO move VALUES (8,160, 7,6);
INSERT INTO move VALUES (8,161, 8,7);
INSERT INTO move VALUES (8,162, 9,6);
INSERT INTO move VALUES (8,163, 6,8);
INSERT INTO move VALUES (8,164, 7,5);
INSERT INTO move VALUES (8,165, 7,4);
INSERT INTO move VALUES (8,166, 10,10);
INSERT INTO move VALUES (8,167, 9,10);
INSERT INTO move VALUES (8,168, 3,13);
INSERT INTO move VALUES (8,169, 2,13);
INSERT INTO move VALUES (8,170, 6,13);
INSERT INTO move VALUES (8,171, 5,12);
INSERT INTO move VALUES (8,172, 5,13);
INSERT INTO move VALUES (8,173, 7,12);
INSERT INTO move VALUES (8,174, 4,13);
INSERT INTO move VALUES (8,175, 12,8);
INSERT INTO move VALUES (8,176, 9,7);
INSERT INTO move VALUES (8,177, 10,9);
INSERT INTO move VALUES (8,178, 7,14);
INSERT INTO move VALUES (8,179, 7,13);
INSERT INTO move VALUES (8,180, 6,15);
INSERT INTO move VALUES (8,181, 8,14);
INSERT INTO move VALUES (8,182, 11,9);
INSERT INTO move VALUES (8,183, 10,11);
INSERT INTO move VALUES (8,184, 1,17);
INSERT INTO move VALUES (8,185, 6,16);
INSERT INTO move VALUES (8,186, 7,16);
INSERT INTO move VALUES (8,187, 6,14);
INSERT INTO move VALUES (8,188, 6,11);
INSERT INTO move VALUES (8,189, 4,14);
INSERT INTO move VALUES (8,190, 6,5);
INSERT INTO move VALUES (8,191, 5,5);
INSERT INTO move VALUES (8,192, 15,15);
INSERT INTO move VALUES (8,193, 10,8);
INSERT INTO move VALUES (8,194, 11,8);
INSERT INTO move VALUES (8,195, 11,10);
INSERT INTO move VALUES (8,196, 11,7);
INSERT INTO move VALUES (8,197, 13,7);
INSERT INTO move VALUES (8,198, 14,7);
INSERT INTO move VALUES (8,199, 19,16);
INSERT INTO move VALUES (8,200, 19,15);
INSERT INTO move VALUES (8,201, 13,15);
INSERT INTO move VALUES (8,202, 13,16);
INSERT INTO move VALUES (8,203, 13,13);
INSERT INTO move VALUES (8,204, 14,12);
INSERT INTO move VALUES (8,205, 16,13);
INSERT INTO move VALUES (8,206, 16,12);

INSERT INTO move VALUES (9,0, 17,4);
INSERT INTO move VALUES (9,1, 16,16);
INSERT INTO move VALUES (9,2, 3,4);
INSERT INTO move VALUES (9,3, 4,17);
INSERT INTO move VALUES (9,4, 6,4);
INSERT INTO move VALUES (9,5, 15,3);
INSERT INTO move VALUES (9,6, 16,5);
INSERT INTO move VALUES (9,7, 4,15);
INSERT INTO move VALUES (9,8, 12,3);
INSERT INTO move VALUES (9,9, 14,4);
INSERT INTO move VALUES (9,10, 16,2);
INSERT INTO move VALUES (9,11, 14,6);
INSERT INTO move VALUES (9,12, 13,5);
INSERT INTO move VALUES (9,13, 15,7);
INSERT INTO move VALUES (9,14, 17,7);
INSERT INTO move VALUES (9,15, 8,3);
INSERT INTO move VALUES (9,16, 10,3);
INSERT INTO move VALUES (9,17, 8,5);
INSERT INTO move VALUES (9,18, 12,7);
INSERT INTO move VALUES (9,19, 4,4);
INSERT INTO move VALUES (9,20, 3,3);
INSERT INTO move VALUES (9,21, 4,3);
INSERT INTO move VALUES (9,22, 4,5);
INSERT INTO move VALUES (9,23, 3,2);
INSERT INTO move VALUES (9,24, 2,2);
INSERT INTO move VALUES (9,25, 5,2);
INSERT INTO move VALUES (9,26, 3,1);
INSERT INTO move VALUES (9,27, 5,5);
INSERT INTO move VALUES (9,28, 4,6);
INSERT INTO move VALUES (9,29, 16,8);
INSERT INTO move VALUES (9,30, 18,9);
INSERT INTO move VALUES (9,31, 10,6);
INSERT INTO move VALUES (9,32, 11,5);
INSERT INTO move VALUES (9,33, 16,10);
INSERT INTO move VALUES (9,34, 14,17);
INSERT INTO move VALUES (9,35, 12,17);
INSERT INTO move VALUES (9,36, 3,13);
INSERT INTO move VALUES (9,37, 9,16);
INSERT INTO move VALUES (9,38, 16,14);
INSERT INTO move VALUES (9,39, 15,14);
INSERT INTO move VALUES (9,40, 15,13);
INSERT INTO move VALUES (9,41, 14,14);
INSERT INTO move VALUES (9,42, 14,13);
INSERT INTO move VALUES (9,43, 13,14);
INSERT INTO move VALUES (9,44, 11,17);
INSERT INTO move VALUES (9,45, 16,13);
INSERT INTO move VALUES (9,46, 16,12);
INSERT INTO move VALUES (9,47, 17,13);
INSERT INTO move VALUES (9,48, 17,12);
INSERT INTO move VALUES (9,49, 17,14);
INSERT INTO move VALUES (9,50, 16,17);
INSERT INTO move VALUES (9,51, 17,17);
INSERT INTO move VALUES (9,52, 17,16);
INSERT INTO move VALUES (9,53, 18,16);
INSERT INTO move VALUES (9,54, 12,18);
INSERT INTO move VALUES (9,55, 13,9);
INSERT INTO move VALUES (9,56, 18,11);
INSERT INTO move VALUES (9,57, 11,8);
INSERT INTO move VALUES (9,58, 2,15);
INSERT INTO move VALUES (9,59, 13,3);
INSERT INTO move VALUES (9,60, 13,2);
INSERT INTO move VALUES (9,61, 14,2);
INSERT INTO move VALUES (9,62, 13,4);
INSERT INTO move VALUES (9,63, 12,2);
INSERT INTO move VALUES (9,64, 14,3);
INSERT INTO move VALUES (9,65, 17,8);
INSERT INTO move VALUES (9,66, 18,8);
INSERT INTO move VALUES (9,67, 13,3);
INSERT INTO move VALUES (9,68, 14,5);
INSERT INTO move VALUES (9,69, 11,3);
INSERT INTO move VALUES (9,70, 14,3);
INSERT INTO move VALUES (9,71, 11,18);
INSERT INTO move VALUES (9,72, 12,16);
INSERT INTO move VALUES (9,73, 13,3);
INSERT INTO move VALUES (9,74, 10,18);
INSERT INTO move VALUES (9,75, 12,4);
INSERT INTO move VALUES (9,76, 15,4);
INSERT INTO move VALUES (9,77, 3,16);
INSERT INTO move VALUES (9,78, 3,10);
INSERT INTO move VALUES (9,79, 4,10);
INSERT INTO move VALUES (9,80, 3,11);
INSERT INTO move VALUES (9,81, 4,2);
INSERT INTO move VALUES (9,82, 14,3);
INSERT INTO move VALUES (9,83, 13,1);
INSERT INTO move VALUES (9,84, 4,8);
INSERT INTO move VALUES (9,85, 12,5);
INSERT INTO move VALUES (9,86, 13,6);
INSERT INTO move VALUES (9,87, 11,7);
INSERT INTO move VALUES (9,88, 7,6);
INSERT INTO move VALUES (9,89, 5,6);
INSERT INTO move VALUES (9,90, 5,7);
INSERT INTO move VALUES (9,91, 6,7);
INSERT INTO move VALUES (9,92, 6,6);
INSERT INTO move VALUES (9,93, 5,4);
INSERT INTO move VALUES (9,94, 8,8);
INSERT INTO move VALUES (9,95, 3,5);
INSERT INTO move VALUES (9,96, 2,5);
INSERT INTO move VALUES (9,97, 6,8);
INSERT INTO move VALUES (9,98, 8,6);
INSERT INTO move VALUES (9,99, 9,6);
INSERT INTO move VALUES (9,100, 7,3);
INSERT INTO move VALUES (9,101, 7,4);
INSERT INTO move VALUES (9,102, 7,8);
INSERT INTO move VALUES (9,103, 2,1);
INSERT INTO move VALUES (9,104, 1,1);
INSERT INTO move VALUES (9,105, 6,10);
INSERT INTO move VALUES (9,106, 6,3);
INSERT INTO move VALUES (9,107, 6,2);
INSERT INTO move VALUES (9,108, 7,2);
INSERT INTO move VALUES (9,109, 8,2);
INSERT INTO move VALUES (9,110, 6,5);
INSERT INTO move VALUES (9,111, 7,1);
INSERT INTO move VALUES (9,112, 8,10);
INSERT INTO move VALUES (9,113, 8,11);
INSERT INTO move VALUES (9,114, 7,10);
INSERT INTO move VALUES (9,115, 3,9);
INSERT INTO move VALUES (9,116, 4,9);
INSERT INTO move VALUES (9,117, 3,6);
INSERT INTO move VALUES (9,118, 4,7);
INSERT INTO move VALUES (9,119, 2,6);
INSERT INTO move VALUES (9,120, 2,4);
INSERT INTO move VALUES (9,121, 7,11);
INSERT INTO move VALUES (9,122, 9,11);
INSERT INTO move VALUES (9,123, 6,11);
INSERT INTO move VALUES (9,124, 10,10);
INSERT INTO move VALUES (9,125, 10,17);
INSERT INTO move VALUES (9,126, 11,19);
INSERT INTO move VALUES (9,127, 9,18);
INSERT INTO move VALUES (9,128, 5,13);
INSERT INTO move VALUES (9,129, 4,12);
INSERT INTO move VALUES (9,130, 4,11);
INSERT INTO move VALUES (9,131, 5,10);
INSERT INTO move VALUES (9,132, 2,9);
INSERT INTO move VALUES (9,133, 8,13);
INSERT INTO move VALUES (9,134, 5,14);
INSERT INTO move VALUES (9,135, 6,15);
INSERT INTO move VALUES (9,136, 9,13);
INSERT INTO move VALUES (9,137, 9,14);
INSERT INTO move VALUES (9,138, 12,8);
INSERT INTO move VALUES (9,139, 12,9);
INSERT INTO move VALUES (9,140, 11,9);
INSERT INTO move VALUES (9,141, 13,12);
INSERT INTO move VALUES (9,142, 9,4);
INSERT INTO move VALUES (9,143, 8,4);
INSERT INTO move VALUES (9,144, 11,6);
INSERT INTO move VALUES (9,145, 12,6);
INSERT INTO move VALUES (9,146, 6,1);
INSERT INTO move VALUES (9,147, 5,1);
INSERT INTO move VALUES (9,148, 11,4);
INSERT INTO move VALUES (9,149, 12,3);
INSERT INTO move VALUES (9,150, 10,8);
INSERT INTO move VALUES (9,151, 10,7);
INSERT INTO move VALUES (9,152, 9,5);
INSERT INTO move VALUES (9,153, 13,7);
INSERT INTO move VALUES (9,154, 9,7);
INSERT INTO move VALUES (9,155, 13,8);
INSERT INTO move VALUES (9,156, 10,2);
INSERT INTO move VALUES (9,157, 1,3);
INSERT INTO move VALUES (9,158, 2,3);
INSERT INTO move VALUES (9,159, 10,5);
INSERT INTO move VALUES (9,160, 9,3);
INSERT INTO move VALUES (9,161, 10,4);
INSERT INTO move VALUES (9,162, 7,5);
INSERT INTO move VALUES (9,163, 11,2);
INSERT INTO move VALUES (9,164, 9,1);
INSERT INTO move VALUES (9,165, 8,1);
INSERT INTO move VALUES (9,166, 5,3);
INSERT INTO move VALUES (9,167, 1,5);
INSERT INTO move VALUES (9,168, 11,1);
INSERT INTO move VALUES (9,169, 9,12);
INSERT INTO move VALUES (9,170, 2,7);
INSERT INTO move VALUES (9,171, 12,1);
INSERT INTO move VALUES (9,172, 2,1);
INSERT INTO move VALUES (9,173, 1,4);
INSERT INTO move VALUES (9,174, 3,7);
INSERT INTO move VALUES (9,175, 10,1);
INSERT INTO move VALUES (9,176, 5,15);
INSERT INTO move VALUES (9,177, 9,2);
INSERT INTO move VALUES (9,178, 5,16);
INSERT INTO move VALUES (9,179, 5,17);
INSERT INTO move VALUES (9,180, 10,12);
INSERT INTO move VALUES (9,181, 10,13);
INSERT INTO move VALUES (9,182, 6,16);
INSERT INTO move VALUES (9,183, 9,9);
INSERT INTO move VALUES (9,184, 7,7);
INSERT INTO move VALUES (9,185, 9,8);
INSERT INTO move VALUES (9,186, 6,9);
INSERT INTO move VALUES (9,187, 9,10);
INSERT INTO move VALUES (9,188, 6,17);
INSERT INTO move VALUES (9,189, 2,16);

INSERT INTO move VALUES (10,0, 17,4);
INSERT INTO move VALUES (10,1, 4,16);
INSERT INTO move VALUES (10,2, 3,4);
INSERT INTO move VALUES (10,3, 17,16);
INSERT INTO move VALUES (10,4, 6,4);
INSERT INTO move VALUES (10,5, 15,3);
INSERT INTO move VALUES (10,6, 12,4);
INSERT INTO move VALUES (10,7, 15,16);
INSERT INTO move VALUES (10,8, 16,3);
INSERT INTO move VALUES (10,9, 16,5);
INSERT INTO move VALUES (10,10, 16,4);
INSERT INTO move VALUES (10,11, 15,4);
INSERT INTO move VALUES (10,12, 15,5);
INSERT INTO move VALUES (10,13, 16,2);
INSERT INTO move VALUES (10,14, 14,5);
INSERT INTO move VALUES (10,15, 17,5);
INSERT INTO move VALUES (10,16, 18,4);
INSERT INTO move VALUES (10,17, 11,3);
INSERT INTO move VALUES (10,18, 13,2);
INSERT INTO move VALUES (10,19, 16,7);
INSERT INTO move VALUES (10,20, 15,2);
INSERT INTO move VALUES (10,21, 16,10);
INSERT INTO move VALUES (10,22, 8,3);
INSERT INTO move VALUES (10,23, 5,5);
INSERT INTO move VALUES (10,24, 6,5);
INSERT INTO move VALUES (10,25, 5,7);
INSERT INTO move VALUES (10,26, 3,17);
INSERT INTO move VALUES (10,27, 4,17);
INSERT INTO move VALUES (10,28, 3,16);
INSERT INTO move VALUES (10,29, 3,14);
INSERT INTO move VALUES (10,30, 3,15);
INSERT INTO move VALUES (10,31, 4,15);
INSERT INTO move VALUES (10,32, 2,14);
INSERT INTO move VALUES (10,33, 11,16);
INSERT INTO move VALUES (10,34, 5,6);
INSERT INTO move VALUES (10,35, 3,3);
INSERT INTO move VALUES (10,36, 4,3);
INSERT INTO move VALUES (10,37, 3,13);
INSERT INTO move VALUES (10,38, 2,13);
INSERT INTO move VALUES (10,39, 3,12);
INSERT INTO move VALUES (10,40, 17,12);
INSERT INTO move VALUES (10,41, 15,12);
INSERT INTO move VALUES (10,42, 17,9);
INSERT INTO move VALUES (10,43, 17,10);
INSERT INTO move VALUES (10,44, 16,9);
INSERT INTO move VALUES (10,45, 15,9);
INSERT INTO move VALUES (10,46, 18,10);
INSERT INTO move VALUES (10,47, 18,11);
INSERT INTO move VALUES (10,48, 18,8);
INSERT INTO move VALUES (10,49, 19,10);
INSERT INTO move VALUES (10,50, 18,9);
INSERT INTO move VALUES (10,51, 17,11);
INSERT INTO move VALUES (10,52, 15,8);
INSERT INTO move VALUES (10,53, 14,9);
INSERT INTO move VALUES (10,54, 15,7);
INSERT INTO move VALUES (10,55, 9,3);
INSERT INTO move VALUES (10,56, 6,7);
INSERT INTO move VALUES (10,57, 14,2);
INSERT INTO move VALUES (10,58, 14,3);
INSERT INTO move VALUES (10,59, 15,1);
INSERT INTO move VALUES (10,60, 14,4);
INSERT INTO move VALUES (10,61, 4,6);
INSERT INTO move VALUES (10,62, 6,6);
INSERT INTO move VALUES (10,63, 12,2);
INSERT INTO move VALUES (10,64, 13,1);
INSERT INTO move VALUES (10,65, 8,2);
INSERT INTO move VALUES (10,66, 16,17);
INSERT INTO move VALUES (10,67, 17,17);
INSERT INTO move VALUES (10,68, 11,18);
INSERT INTO move VALUES (10,69, 11,17);
INSERT INTO move VALUES (10,70, 12,18);
INSERT INTO move VALUES (10,71, 10,18);
INSERT INTO move VALUES (10,72, 15,17);
INSERT INTO move VALUES (10,73, 16,16);
INSERT INTO move VALUES (10,74, 14,16);
INSERT INTO move VALUES (10,75, 13,16);
INSERT INTO move VALUES (10,76, 14,17);
INSERT INTO move VALUES (10,77, 16,18);
INSERT INTO move VALUES (10,78, 13,15);
INSERT INTO move VALUES (10,79, 12,15);
INSERT INTO move VALUES (10,80, 13,14);
INSERT INTO move VALUES (10,81, 12,14);
INSERT INTO move VALUES (10,82, 13,13);
INSERT INTO move VALUES (10,83, 15,14);
INSERT INTO move VALUES (10,84, 12,13);
INSERT INTO move VALUES (10,85, 3,18);
INSERT INTO move VALUES (10,86, 2,18);
INSERT INTO move VALUES (10,87, 14,15);
INSERT INTO move VALUES (10,88, 15,18);
INSERT INTO move VALUES (10,89, 17,18);
INSERT INTO move VALUES (10,90, 5,18);
INSERT INTO move VALUES (10,91, 7,18);
INSERT INTO move VALUES (10,92, 4,18);
INSERT INTO move VALUES (10,93, 7,16);
INSERT INTO move VALUES (10,94, 4,10);
INSERT INTO move VALUES (10,95, 7,3);
INSERT INTO move VALUES (10,96, 5,14);
INSERT INTO move VALUES (10,97, 3,10);
INSERT INTO move VALUES (10,98, 3,9);
INSERT INTO move VALUES (10,99, 4,9);
INSERT INTO move VALUES (10,100, 3,8);
INSERT INTO move VALUES (10,101, 5,10);
INSERT INTO move VALUES (10,102, 4,11);
INSERT INTO move VALUES (10,103, 4,8);
INSERT INTO move VALUES (10,104, 3,11);
INSERT INTO move VALUES (10,105, 4,4);
INSERT INTO move VALUES (10,106, 2,3);
INSERT INTO move VALUES (10,107, 3,2);
INSERT INTO move VALUES (10,108, 3,5);
INSERT INTO move VALUES (10,109, 5,11);
INSERT INTO move VALUES (10,110, 5,12);
INSERT INTO move VALUES (10,111, 4,5);
INSERT INTO move VALUES (10,112, 5,3);
INSERT INTO move VALUES (10,113, 2,11);
INSERT INTO move VALUES (10,114, 2,10);
INSERT INTO move VALUES (10,115, 4,12);
INSERT INTO move VALUES (10,116, 3,10);
INSERT INTO move VALUES (10,117, 3,7);
INSERT INTO move VALUES (10,118, 2,12);
INSERT INTO move VALUES (10,119, 2,2);
INSERT INTO move VALUES (10,120, 2,4);
INSERT INTO move VALUES (10,121, 3,6);
INSERT INTO move VALUES (10,122, 1,2);
INSERT INTO move VALUES (10,123, 1,5);
INSERT INTO move VALUES (10,124, 2,6);
INSERT INTO move VALUES (10,125, 2,7);
INSERT INTO move VALUES (10,126, 4,2);
INSERT INTO move VALUES (10,127, 6,12);
INSERT INTO move VALUES (10,128, 5,13);
INSERT INTO move VALUES (10,129, 7,14);
INSERT INTO move VALUES (10,130, 6,17);
INSERT INTO move VALUES (10,131, 6,16);
INSERT INTO move VALUES (10,132, 7,13);
INSERT INTO move VALUES (10,133, 8,13);
INSERT INTO move VALUES (10,134, 1,6);
INSERT INTO move VALUES (10,135, 7,12);
INSERT INTO move VALUES (10,136, 7,17);
INSERT INTO move VALUES (10,137, 8,17);
INSERT INTO move VALUES (10,138, 9,18);
INSERT INTO move VALUES (10,139, 10,17);
INSERT INTO move VALUES (10,140, 8,18);
INSERT INTO move VALUES (10,141, 10,19);
INSERT INTO move VALUES (10,142, 4,14);
INSERT INTO move VALUES (10,143, 11,9);
INSERT INTO move VALUES (10,144, 10,10);
INSERT INTO move VALUES (10,145, 9,9);
INSERT INTO move VALUES (10,146, 10,9);
INSERT INTO move VALUES (10,147, 10,8);
INSERT INTO move VALUES (10,148, 11,8);
INSERT INTO move VALUES (10,149, 12,8);
INSERT INTO move VALUES (10,150, 11,7);
INSERT INTO move VALUES (10,151, 11,10);
INSERT INTO move VALUES (10,152, 9,10);
INSERT INTO move VALUES (10,153, 9,8);
INSERT INTO move VALUES (10,154, 7,10);
INSERT INTO move VALUES (10,155, 8,10);
INSERT INTO move VALUES (10,156, 7,9);
INSERT INTO move VALUES (10,157, 7,8);
INSERT INTO move VALUES (10,158, 6,8);
INSERT INTO move VALUES (10,159, 6,9);
INSERT INTO move VALUES (10,160, 8,9);
INSERT INTO move VALUES (10,161, 8,8);
INSERT INTO move VALUES (10,162, 8,11);
INSERT INTO move VALUES (10,163, 7,11);
INSERT INTO move VALUES (10,164, 8,12);
INSERT INTO move VALUES (10,165, 6,13);
INSERT INTO move VALUES (10,166, 10,7);
INSERT INTO move VALUES (10,167, 10,12);
INSERT INTO move VALUES (10,168, 5,8);
INSERT INTO move VALUES (10,169, 6,10);
INSERT INTO move VALUES (10,170, 8,10);
INSERT INTO move VALUES (10,171, 9,12);
INSERT INTO move VALUES (10,172, 5,9);
INSERT INTO move VALUES (10,173, 6,11);
INSERT INTO move VALUES (10,174, 6,14);
INSERT INTO move VALUES (10,175, 7,13);
INSERT INTO move VALUES (10,176, 9,17);
INSERT INTO move VALUES (10,177, 8,16);
INSERT INTO move VALUES (10,178, 9,16);
INSERT INTO move VALUES (10,179, 9,15);
INSERT INTO move VALUES (10,180, 6,18);
INSERT INTO move VALUES (10,181, 18,5);
INSERT INTO move VALUES (10,182, 16,8);
INSERT INTO move VALUES (10,183, 15,2);
INSERT INTO move VALUES (10,184, 18,2);
INSERT INTO move VALUES (10,185, 18,3);
INSERT INTO move VALUES (10,186, 19,3);
INSERT INTO move VALUES (10,187, 6,15);
INSERT INTO move VALUES (10,188, 8,4);
INSERT INTO move VALUES (10,189, 6,2);
INSERT INTO move VALUES (10,190, 19,9);
INSERT INTO move VALUES (10,191, 19,11);
INSERT INTO move VALUES (10,192, 13,8);
INSERT INTO move VALUES (10,193, 12,9);
INSERT INTO move VALUES (10,194, 12,7);
INSERT INTO move VALUES (10,195, 10,11);
INSERT INTO move VALUES (10,196, 12,3);
INSERT INTO move VALUES (10,197, 11,2);
INSERT INTO move VALUES (10,198, 9,4);

INSERT INTO move VALUES (11,0, 17,4);
INSERT INTO move VALUES (11,1, 16,16);
INSERT INTO move VALUES (11,2, 3,4);
INSERT INTO move VALUES (11,3, 4,17);
INSERT INTO move VALUES (11,4, 6,4);
INSERT INTO move VALUES (11,5, 15,3);
INSERT INTO move VALUES (11,6, 16,5);
INSERT INTO move VALUES (11,7, 4,15);
INSERT INTO move VALUES (11,8, 12,3);
INSERT INTO move VALUES (11,9, 14,4);
INSERT INTO move VALUES (11,10, 16,2);
INSERT INTO move VALUES (11,11, 14,6);
INSERT INTO move VALUES (11,12, 13,5);
INSERT INTO move VALUES (11,13, 15,7);
INSERT INTO move VALUES (11,14, 17,7);
INSERT INTO move VALUES (11,15, 8,3);
INSERT INTO move VALUES (11,16, 10,3);
INSERT INTO move VALUES (11,17, 8,5);
INSERT INTO move VALUES (11,18, 12,7);
INSERT INTO move VALUES (11,19, 4,4);
INSERT INTO move VALUES (11,20, 3,3);
INSERT INTO move VALUES (11,21, 4,3);
INSERT INTO move VALUES (11,22, 4,5);
INSERT INTO move VALUES (11,23, 3,2);
INSERT INTO move VALUES (11,24, 2,2);
INSERT INTO move VALUES (11,25, 5,2);
INSERT INTO move VALUES (11,26, 3,1);
INSERT INTO move VALUES (11,27, 5,5);
INSERT INTO move VALUES (11,28, 4,6);
INSERT INTO move VALUES (11,29, 16,8);
INSERT INTO move VALUES (11,30, 18,9);
INSERT INTO move VALUES (11,31, 10,6);
INSERT INTO move VALUES (11,32, 11,5);
INSERT INTO move VALUES (11,33, 16,10);
INSERT INTO move VALUES (11,34, 14,17);
INSERT INTO move VALUES (11,35, 12,17);
INSERT INTO move VALUES (11,36, 3,13);
INSERT INTO move VALUES (11,37, 9,16);
INSERT INTO move VALUES (11,38, 16,14);
INSERT INTO move VALUES (11,39, 15,14);
INSERT INTO move VALUES (11,40, 15,13);
INSERT INTO move VALUES (11,41, 14,14);
INSERT INTO move VALUES (11,42, 14,13);
INSERT INTO move VALUES (11,43, 13,14);
INSERT INTO move VALUES (11,44, 11,17);
INSERT INTO move VALUES (11,45, 16,13);
INSERT INTO move VALUES (11,46, 16,12);
INSERT INTO move VALUES (11,47, 17,13);
INSERT INTO move VALUES (11,48, 17,12);
INSERT INTO move VALUES (11,49, 17,14);
INSERT INTO move VALUES (11,50, 16,17);
INSERT INTO move VALUES (11,51, 17,17);
INSERT INTO move VALUES (11,52, 17,16);
INSERT INTO move VALUES (11,53, 18,16);
INSERT INTO move VALUES (11,54, 12,18);
INSERT INTO move VALUES (11,55, 13,9);
INSERT INTO move VALUES (11,56, 18,11);
INSERT INTO move VALUES (11,57, 11,8);
INSERT INTO move VALUES (11,58, 2,15);
INSERT INTO move VALUES (11,59, 13,3);
INSERT INTO move VALUES (11,60, 13,2);
INSERT INTO move VALUES (11,61, 14,2);
INSERT INTO move VALUES (11,62, 13,4);
INSERT INTO move VALUES (11,63, 12,2);
INSERT INTO move VALUES (11,64, 14,3);
INSERT INTO move VALUES (11,65, 17,8);
INSERT INTO move VALUES (11,66, 18,8);
INSERT INTO move VALUES (11,67, 13,3);
INSERT INTO move VALUES (11,68, 14,5);
INSERT INTO move VALUES (11,69, 11,3);
INSERT INTO move VALUES (11,70, 14,3);
INSERT INTO move VALUES (11,71, 11,18);
INSERT INTO move VALUES (11,72, 12,16);
INSERT INTO move VALUES (11,73, 13,3);
INSERT INTO move VALUES (11,74, 10,18);
INSERT INTO move VALUES (11,75, 12,4);
INSERT INTO move VALUES (11,76, 15,4);
INSERT INTO move VALUES (11,77, 3,16);
INSERT INTO move VALUES (11,78, 3,10);
INSERT INTO move VALUES (11,79, 4,10);
INSERT INTO move VALUES (11,80, 3,11);
INSERT INTO move VALUES (11,81, 4,2);
INSERT INTO move VALUES (11,82, 14,3);
INSERT INTO move VALUES (11,83, 13,1);
INSERT INTO move VALUES (11,84, 4,8);
INSERT INTO move VALUES (11,85, 12,5);
INSERT INTO move VALUES (11,86, 13,6);
INSERT INTO move VALUES (11,87, 11,7);
INSERT INTO move VALUES (11,88, 7,6);
INSERT INTO move VALUES (11,89, 5,6);
INSERT INTO move VALUES (11,90, 5,7);
INSERT INTO move VALUES (11,91, 6,7);
INSERT INTO move VALUES (11,92, 6,6);
INSERT INTO move VALUES (11,93, 5,4);
INSERT INTO move VALUES (11,94, 8,8);
INSERT INTO move VALUES (11,95, 3,5);
INSERT INTO move VALUES (11,96, 2,5);
INSERT INTO move VALUES (11,97, 6,8);
INSERT INTO move VALUES (11,98, 8,6);
INSERT INTO move VALUES (11,99, 9,6);
INSERT INTO move VALUES (11,100, 7,3);
INSERT INTO move VALUES (11,101, 7,4);
INSERT INTO move VALUES (11,102, 7,8);
INSERT INTO move VALUES (11,103, 2,1);
INSERT INTO move VALUES (11,104, 1,1);
INSERT INTO move VALUES (11,105, 6,10);
INSERT INTO move VALUES (11,106, 6,3);
INSERT INTO move VALUES (11,107, 6,2);
INSERT INTO move VALUES (11,108, 7,2);
INSERT INTO move VALUES (11,109, 8,2);
INSERT INTO move VALUES (11,110, 6,5);
INSERT INTO move VALUES (11,111, 7,1);
INSERT INTO move VALUES (11,112, 8,10);
INSERT INTO move VALUES (11,113, 8,11);
INSERT INTO move VALUES (11,114, 7,10);
INSERT INTO move VALUES (11,115, 3,9);
INSERT INTO move VALUES (11,116, 4,9);
INSERT INTO move VALUES (11,117, 3,6);
INSERT INTO move VALUES (11,118, 4,7);
INSERT INTO move VALUES (11,119, 2,6);
INSERT INTO move VALUES (11,120, 2,4);
INSERT INTO move VALUES (11,121, 7,11);
INSERT INTO move VALUES (11,122, 9,11);
INSERT INTO move VALUES (11,123, 6,11);
INSERT INTO move VALUES (11,124, 10,10);
INSERT INTO move VALUES (11,125, 10,17);
INSERT INTO move VALUES (11,126, 11,19);
INSERT INTO move VALUES (11,127, 9,18);
INSERT INTO move VALUES (11,128, 5,13);
INSERT INTO move VALUES (11,129, 4,12);
INSERT INTO move VALUES (11,130, 4,11);
INSERT INTO move VALUES (11,131, 5,10);
INSERT INTO move VALUES (11,132, 2,9);
INSERT INTO move VALUES (11,133, 8,13);
INSERT INTO move VALUES (11,134, 5,14);
INSERT INTO move VALUES (11,135, 6,15);
INSERT INTO move VALUES (11,136, 9,13);
INSERT INTO move VALUES (11,137, 9,14);
INSERT INTO move VALUES (11,138, 12,8);
INSERT INTO move VALUES (11,139, 12,9);
INSERT INTO move VALUES (11,140, 11,9);
INSERT INTO move VALUES (11,141, 13,12);
INSERT INTO move VALUES (11,142, 9,4);
INSERT INTO move VALUES (11,143, 8,4);
INSERT INTO move VALUES (11,144, 11,6);
INSERT INTO move VALUES (11,145, 12,6);
INSERT INTO move VALUES (11,146, 6,1);
INSERT INTO move VALUES (11,147, 5,1);
INSERT INTO move VALUES (11,148, 11,4);
INSERT INTO move VALUES (11,149, 12,3);
INSERT INTO move VALUES (11,150, 10,8);
INSERT INTO move VALUES (11,151, 10,7);
INSERT INTO move VALUES (11,152, 9,5);
INSERT INTO move VALUES (11,153, 13,7);
INSERT INTO move VALUES (11,154, 9,7);
INSERT INTO move VALUES (11,155, 13,8);
INSERT INTO move VALUES (11,156, 10,2);
INSERT INTO move VALUES (11,157, 1,3);
INSERT INTO move VALUES (11,158, 2,3);
INSERT INTO move VALUES (11,159, 10,5);
INSERT INTO move VALUES (11,160, 9,3);
INSERT INTO move VALUES (11,161, 10,4);
INSERT INTO move VALUES (11,162, 7,5);
INSERT INTO move VALUES (11,163, 11,2);
INSERT INTO move VALUES (11,164, 9,1);
INSERT INTO move VALUES (11,165, 8,1);
INSERT INTO move VALUES (11,166, 5,3);
INSERT INTO move VALUES (11,167, 1,5);
INSERT INTO move VALUES (11,168, 11,1);
INSERT INTO move VALUES (11,169, 9,12);
INSERT INTO move VALUES (11,170, 2,7);
INSERT INTO move VALUES (11,171, 12,1);
INSERT INTO move VALUES (11,172, 2,1);
INSERT INTO move VALUES (11,173, 1,4);
INSERT INTO move VALUES (11,174, 3,7);
INSERT INTO move VALUES (11,175, 10,1);
INSERT INTO move VALUES (11,176, 5,15);
INSERT INTO move VALUES (11,177, 9,2);
INSERT INTO move VALUES (11,178, 5,16);
INSERT INTO move VALUES (11,179, 5,17);
INSERT INTO move VALUES (11,180, 10,12);
INSERT INTO move VALUES (11,181, 10,13);
INSERT INTO move VALUES (11,182, 6,16);
INSERT INTO move VALUES (11,183, 9,9);
INSERT INTO move VALUES (11,184, 7,7);
INSERT INTO move VALUES (11,185, 9,8);
INSERT INTO move VALUES (11,186, 6,9);
INSERT INTO move VALUES (11,187, 9,10);
INSERT INTO move VALUES (11,188, 6,17);
INSERT INTO move VALUES (11,189, 2,16);

INSERT INTO move VALUES (12,0, 16,4);
INSERT INTO move VALUES (12,1, 17,16);
INSERT INTO move VALUES (12,2, 4,4);
INSERT INTO move VALUES (12,3, 3,17);
INSERT INTO move VALUES (12,4, 15,17);
INSERT INTO move VALUES (12,5, 16,15);
INSERT INTO move VALUES (12,6, 12,16);
INSERT INTO move VALUES (12,7, 17,6);
INSERT INTO move VALUES (12,8, 17,8);
INSERT INTO move VALUES (12,9, 14,3);
INSERT INTO move VALUES (12,10, 14,4);
INSERT INTO move VALUES (12,11, 13,4);
INSERT INTO move VALUES (12,12, 14,5);
INSERT INTO move VALUES (12,13, 17,3);
INSERT INTO move VALUES (12,14, 17,4);
INSERT INTO move VALUES (12,15, 16,3);
INSERT INTO move VALUES (12,16, 13,3);
INSERT INTO move VALUES (12,17, 15,4);
INSERT INTO move VALUES (12,18, 15,5);
INSERT INTO move VALUES (12,19, 15,3);
INSERT INTO move VALUES (12,20, 12,4);
INSERT INTO move VALUES (12,21, 18,4);
INSERT INTO move VALUES (12,22, 13,5);
INSERT INTO move VALUES (12,23, 6,3);
INSERT INTO move VALUES (12,24, 8,3);
INSERT INTO move VALUES (12,25, 8,4);
INSERT INTO move VALUES (12,26, 9,3);
INSERT INTO move VALUES (12,27, 4,6);
INSERT INTO move VALUES (12,28, 6,4);
INSERT INTO move VALUES (12,29, 4,9);
INSERT INTO move VALUES (12,30, 7,4);
INSERT INTO move VALUES (12,31, 3,3);
INSERT INTO move VALUES (12,32, 3,4);
INSERT INTO move VALUES (12,33, 4,3);
INSERT INTO move VALUES (12,34, 5,4);
INSERT INTO move VALUES (12,35, 6,2);
INSERT INTO move VALUES (12,36, 2,3);
INSERT INTO move VALUES (12,37, 2,2);
INSERT INTO move VALUES (12,38, 2,4);
INSERT INTO move VALUES (12,39, 1,2);
INSERT INTO move VALUES (12,40, 3,11);
INSERT INTO move VALUES (12,41, 5,10);
INSERT INTO move VALUES (12,42, 3,14);
INSERT INTO move VALUES (12,43, 5,16);
INSERT INTO move VALUES (12,44, 5,14);
INSERT INTO move VALUES (12,45, 7,16);
INSERT INTO move VALUES (12,46, 17,13);
INSERT INTO move VALUES (12,47, 14,15);
INSERT INTO move VALUES (12,48, 13,17);
INSERT INTO move VALUES (12,49, 16,17);
INSERT INTO move VALUES (12,50, 8,17);
INSERT INTO move VALUES (12,51, 8,16);
INSERT INTO move VALUES (12,52, 9,17);
INSERT INTO move VALUES (12,53, 9,16);
INSERT INTO move VALUES (12,54, 10,17);
INSERT INTO move VALUES (12,55, 4,12);
INSERT INTO move VALUES (12,56, 3,12);
INSERT INTO move VALUES (12,57, 4,13);
INSERT INTO move VALUES (12,58, 4,14);
INSERT INTO move VALUES (12,59, 2,15);
INSERT INTO move VALUES (12,60, 2,14);
INSERT INTO move VALUES (12,61, 6,13);
INSERT INTO move VALUES (12,62, 2,9);
INSERT INTO move VALUES (12,63, 17,11);
INSERT INTO move VALUES (12,64, 15,13);
INSERT INTO move VALUES (12,65, 15,11);
INSERT INTO move VALUES (12,66, 15,16);
INSERT INTO move VALUES (12,67, 15,15);
INSERT INTO move VALUES (12,68, 13,14);
INSERT INTO move VALUES (12,69, 14,13);
INSERT INTO move VALUES (12,70, 16,12);
INSERT INTO move VALUES (12,71, 16,11);
INSERT INTO move VALUES (12,72, 14,14);
INSERT INTO move VALUES (12,73, 14,12);
INSERT INTO move VALUES (12,74, 15,14);
INSERT INTO move VALUES (12,75, 18,15);
INSERT INTO move VALUES (12,76, 12,12);
INSERT INTO move VALUES (12,77, 16,7);
INSERT INTO move VALUES (12,78, 15,9);
INSERT INTO move VALUES (12,79, 12,11);
INSERT INTO move VALUES (12,80, 11,12);
INSERT INTO move VALUES (12,81, 14,8);
INSERT INTO move VALUES (12,82, 6,17);
INSERT INTO move VALUES (12,83, 5,17);
INSERT INTO move VALUES (12,84, 6,18);
INSERT INTO move VALUES (12,85, 6,16);
INSERT INTO move VALUES (12,86, 5,13);
INSERT INTO move VALUES (12,87, 12,8);
INSERT INTO move VALUES (12,88, 18,5);
INSERT INTO move VALUES (12,89, 17,5);
INSERT INTO move VALUES (12,90, 16,5);
INSERT INTO move VALUES (12,91, 18,6);
INSERT INTO move VALUES (12,92, 13,11);
INSERT INTO move VALUES (12,93, 14,9);
INSERT INTO move VALUES (12,94, 5,7);
INSERT INTO move VALUES (12,95, 4,7);
INSERT INTO move VALUES (12,96, 5,8);
INSERT INTO move VALUES (12,97, 3,9);
INSERT INTO move VALUES (12,98, 5,12);
INSERT INTO move VALUES (12,99, 7,10);
INSERT INTO move VALUES (12,100, 8,13);
INSERT INTO move VALUES (12,101, 2,10);
INSERT INTO move VALUES (12,102, 2,8);
INSERT INTO move VALUES (12,103, 3,10);
INSERT INTO move VALUES (12,104, 2,6);
INSERT INTO move VALUES (12,105, 8,11);
INSERT INTO move VALUES (12,106, 4,11);
INSERT INTO move VALUES (12,107, 10,11);
INSERT INTO move VALUES (12,108, 11,11);
INSERT INTO move VALUES (12,109, 9,13);
INSERT INTO move VALUES (12,110, 18,3);
INSERT INTO move VALUES (12,111, 19,5);
INSERT INTO move VALUES (12,112, 18,2);
INSERT INTO move VALUES (12,113, 17,2);
INSERT INTO move VALUES (12,114, 14,2);
INSERT INTO move VALUES (12,115, 15,2);
INSERT INTO move VALUES (12,116, 13,2);
INSERT INTO move VALUES (12,117, 6,14);
INSERT INTO move VALUES (12,118, 2,16);
INSERT INTO move VALUES (12,119, 3,15);
INSERT INTO move VALUES (12,120, 1,15);
INSERT INTO move VALUES (12,121, 2,17);
INSERT INTO move VALUES (12,122, 5,18);
INSERT INTO move VALUES (12,123, 4,18);
INSERT INTO move VALUES (12,124, 3,16);
INSERT INTO move VALUES (12,125, 4,15);
INSERT INTO move VALUES (12,126, 2,11);
INSERT INTO move VALUES (12,127, 18,1);
INSERT INTO move VALUES (12,128, 16,18);
INSERT INTO move VALUES (12,129, 17,18);
INSERT INTO move VALUES (12,130, 15,18);
INSERT INTO move VALUES (12,131, 18,12);
INSERT INTO move VALUES (12,132, 7,2);
INSERT INTO move VALUES (12,133, 7,3);
INSERT INTO move VALUES (12,134, 8,2);
INSERT INTO move VALUES (12,135, 5,3);
INSERT INTO move VALUES (12,136, 4,8);
INSERT INTO move VALUES (12,137, 8,7);
INSERT INTO move VALUES (12,138, 7,8);
INSERT INTO move VALUES (12,139, 8,8);
INSERT INTO move VALUES (12,140, 11,14);
INSERT INTO move VALUES (12,141, 10,10);
INSERT INTO move VALUES (12,142, 18,18);
INSERT INTO move VALUES (12,143, 18,19);
INSERT INTO move VALUES (12,144, 18,17);
INSERT INTO move VALUES (12,145, 17,17);
INSERT INTO move VALUES (12,146, 18,13);
INSERT INTO move VALUES (12,147, 18,14);
INSERT INTO move VALUES (12,148, 19,13);
INSERT INTO move VALUES (12,149, 7,17);
INSERT INTO move VALUES (12,150, 7,18);
INSERT INTO move VALUES (12,151, 9,4);
INSERT INTO move VALUES (12,152, 10,4);
INSERT INTO move VALUES (12,153, 10,5);
INSERT INTO move VALUES (12,154, 11,4);
INSERT INTO move VALUES (12,155, 7,7);
INSERT INTO move VALUES (12,156, 3,8);
INSERT INTO move VALUES (12,157, 6,6);
INSERT INTO move VALUES (12,158, 5,6);
INSERT INTO move VALUES (12,159, 11,6);
INSERT INTO move VALUES (12,160, 14,11);
INSERT INTO move VALUES (12,161, 14,10);
INSERT INTO move VALUES (12,162, 15,12);
INSERT INTO move VALUES (12,163, 19,12);
INSERT INTO move VALUES (12,164, 12,10);
INSERT INTO move VALUES (12,165, 12,9);
INSERT INTO move VALUES (12,166, 9,14);
INSERT INTO move VALUES (12,167, 10,13);
INSERT INTO move VALUES (12,168, 10,14);
INSERT INTO move VALUES (12,169, 4,16);
INSERT INTO move VALUES (12,170, 6,1);
INSERT INTO move VALUES (12,171, 5,1);
INSERT INTO move VALUES (12,172, 7,1);
INSERT INTO move VALUES (12,173, 3,1);
INSERT INTO move VALUES (12,174, 1,16);
INSERT INTO move VALUES (12,175, 15,1);
INSERT INTO move VALUES (12,176, 17,14);
INSERT INTO move VALUES (12,177, 19,18);
INSERT INTO move VALUES (12,178, 16,19);
INSERT INTO move VALUES (12,179, 18,16);
INSERT INTO move VALUES (12,180, 7,14);
INSERT INTO move VALUES (12,181, 1,17);
INSERT INTO move VALUES (12,182, 1,14);
INSERT INTO move VALUES (12,183, 7,12);
INSERT INTO move VALUES (12,184, 7,5);
INSERT INTO move VALUES (12,185, 8,6);
INSERT INTO move VALUES (12,186, 8,5);
INSERT INTO move VALUES (12,187, 9,5);
INSERT INTO move VALUES (12,188, 12,6);
INSERT INTO move VALUES (12,189, 11,5);
INSERT INTO move VALUES (12,190, 6,7);
INSERT INTO move VALUES (12,191, 1,10);
INSERT INTO move VALUES (12,192, 8,12);
INSERT INTO move VALUES (12,193, 6,10);
INSERT INTO move VALUES (12,194, 6,15);
INSERT INTO move VALUES (12,195, 7,13);
INSERT INTO move VALUES (12,196, 15,10);
INSERT INTO move VALUES (12,197, 16,9);
INSERT INTO move VALUES (12,198, 8,14);
INSERT INTO move VALUES (12,199, 4,19);
INSERT INTO move VALUES (12,200, 9,12);
INSERT INTO move VALUES (12,201, 10,12);
INSERT INTO move VALUES (12,202, 9,11);
INSERT INTO move VALUES (12,203, 9,10);

INSERT INTO move VALUES (13,0, 17,4);
INSERT INTO move VALUES (13,1, 4,4);
INSERT INTO move VALUES (13,2, 16,17);
INSERT INTO move VALUES (13,3, 4,17);
INSERT INTO move VALUES (13,4, 3,3);
INSERT INTO move VALUES (13,5, 3,4);
INSERT INTO move VALUES (13,6, 4,3);
INSERT INTO move VALUES (13,7, 5,4);
INSERT INTO move VALUES (13,8, 6,2);
INSERT INTO move VALUES (13,9, 15,3);
INSERT INTO move VALUES (13,10, 17,14);
INSERT INTO move VALUES (13,11, 16,5);
INSERT INTO move VALUES (13,12, 17,5);
INSERT INTO move VALUES (13,13, 16,6);
INSERT INTO move VALUES (13,14, 17,7);
INSERT INTO move VALUES (13,15, 16,7);
INSERT INTO move VALUES (13,16, 17,8);
INSERT INTO move VALUES (13,17, 16,8);
INSERT INTO move VALUES (13,18, 4,15);
INSERT INTO move VALUES (13,19, 3,15);
INSERT INTO move VALUES (13,20, 3,14);
INSERT INTO move VALUES (13,21, 3,16);
INSERT INTO move VALUES (13,22, 4,14);
INSERT INTO move VALUES (13,23, 6,17);
INSERT INTO move VALUES (13,24, 4,10);
INSERT INTO move VALUES (13,25, 17,9);
INSERT INTO move VALUES (13,26, 18,9);
INSERT INTO move VALUES (13,27, 2,3);
INSERT INTO move VALUES (13,28, 2,2);
INSERT INTO move VALUES (13,29, 5,2);
INSERT INTO move VALUES (13,30, 2,4);
INSERT INTO move VALUES (13,31, 5,3);
INSERT INTO move VALUES (13,32, 10,3);
INSERT INTO move VALUES (13,33, 2,5);
INSERT INTO move VALUES (13,34, 1,3);
INSERT INTO move VALUES (13,35, 12,3);
INSERT INTO move VALUES (13,36, 8,4);
INSERT INTO move VALUES (13,37, 3,8);
INSERT INTO move VALUES (13,38, 16,3);
INSERT INTO move VALUES (13,39, 16,2);
INSERT INTO move VALUES (13,40, 17,2);
INSERT INTO move VALUES (13,41, 16,4);
INSERT INTO move VALUES (13,42, 17,3);
INSERT INTO move VALUES (13,43, 4,11);
INSERT INTO move VALUES (13,44, 3,11);
INSERT INTO move VALUES (13,45, 3,12);
INSERT INTO move VALUES (13,46, 2,12);
INSERT INTO move VALUES (13,47, 3,10);
INSERT INTO move VALUES (13,48, 2,11);
INSERT INTO move VALUES (13,49, 4,12);
INSERT INTO move VALUES (13,50, 3,9);
INSERT INTO move VALUES (13,51, 4,9);
INSERT INTO move VALUES (13,52, 2,10);
INSERT INTO move VALUES (13,53, 5,10);
INSERT INTO move VALUES (13,54, 4,8);
INSERT INTO move VALUES (13,55, 3,10);
INSERT INTO move VALUES (13,56, 2,9);
INSERT INTO move VALUES (13,57, 5,8);
INSERT INTO move VALUES (13,58, 4,7);
INSERT INTO move VALUES (13,59, 5,7);
INSERT INTO move VALUES (13,60, 4,6);
INSERT INTO move VALUES (13,61, 3,6);
INSERT INTO move VALUES (13,62, 3,7);
INSERT INTO move VALUES (13,63, 2,7);
INSERT INTO move VALUES (13,64, 2,8);
INSERT INTO move VALUES (13,65, 5,6);
INSERT INTO move VALUES (13,66, 2,14);
INSERT INTO move VALUES (13,67, 9,5);
INSERT INTO move VALUES (13,68, 8,5);
INSERT INTO move VALUES (13,69, 9,6);
INSERT INTO move VALUES (13,70, 7,3);
INSERT INTO move VALUES (13,71, 8,2);
INSERT INTO move VALUES (13,72, 9,4);
INSERT INTO move VALUES (13,73, 8,6);
INSERT INTO move VALUES (13,74, 6,1);
INSERT INTO move VALUES (13,75, 11,2);
INSERT INTO move VALUES (13,76, 7,6);
INSERT INTO move VALUES (13,77, 7,7);
INSERT INTO move VALUES (13,78, 6,5);
INSERT INTO move VALUES (13,79, 4,5);
INSERT INTO move VALUES (13,80, 3,8);
INSERT INTO move VALUES (13,81, 7,5);
INSERT INTO move VALUES (13,82, 7,4);
INSERT INTO move VALUES (13,83, 5,5);
INSERT INTO move VALUES (13,84, 9,2);
INSERT INTO move VALUES (13,85, 11,4);
INSERT INTO move VALUES (13,86, 16,9);
INSERT INTO move VALUES (13,87, 5,1);
INSERT INTO move VALUES (13,88, 10,2);
INSERT INTO move VALUES (13,89, 15,9);
INSERT INTO move VALUES (13,90, 17,10);
INSERT INTO move VALUES (13,91, 15,10);
INSERT INTO move VALUES (13,92, 11,16);
INSERT INTO move VALUES (13,93, 16,15);
INSERT INTO move VALUES (13,94, 14,16);
INSERT INTO move VALUES (13,95, 17,15);
INSERT INTO move VALUES (13,96, 8,17);
INSERT INTO move VALUES (13,97, 12,15);
INSERT INTO move VALUES (13,98, 12,16);
INSERT INTO move VALUES (13,99, 14,15);
INSERT INTO move VALUES (13,100, 15,16);
INSERT INTO move VALUES (13,101, 17,17);
INSERT INTO move VALUES (13,102, 15,15);
INSERT INTO move VALUES (13,103, 16,18);
INSERT INTO move VALUES (13,104, 16,14);
INSERT INTO move VALUES (13,105, 18,16);
INSERT INTO move VALUES (13,106, 11,10);
INSERT INTO move VALUES (13,107, 15,18);
INSERT INTO move VALUES (13,108, 17,18);
INSERT INTO move VALUES (13,109, 18,18);
INSERT INTO move VALUES (13,110, 4,2);
INSERT INTO move VALUES (13,111, 11,12);
INSERT INTO move VALUES (13,112, 8,7);
INSERT INTO move VALUES (13,113, 9,7);
INSERT INTO move VALUES (13,114, 8,8);
INSERT INTO move VALUES (13,115, 7,8);
INSERT INTO move VALUES (13,116, 9,11);
INSERT INTO move VALUES (13,117, 9,12);
INSERT INTO move VALUES (13,118, 8,12);
INSERT INTO move VALUES (13,119, 8,11);
INSERT INTO move VALUES (13,120, 9,10);
INSERT INTO move VALUES (13,121, 9,13);
INSERT INTO move VALUES (13,122, 12,11);
INSERT INTO move VALUES (13,123, 14,13);
INSERT INTO move VALUES (13,124, 14,11);
INSERT INTO move VALUES (13,125, 15,11);
INSERT INTO move VALUES (13,126, 14,12);
INSERT INTO move VALUES (13,127, 15,12);
INSERT INTO move VALUES (13,128, 13,13);
INSERT INTO move VALUES (13,129, 12,12);
INSERT INTO move VALUES (13,130, 13,12);
INSERT INTO move VALUES (13,131, 13,10);
INSERT INTO move VALUES (13,132, 14,10);
INSERT INTO move VALUES (13,133, 13,9);
INSERT INTO move VALUES (13,134, 14,9);
INSERT INTO move VALUES (13,135, 14,8);
INSERT INTO move VALUES (13,136, 14,14);
INSERT INTO move VALUES (13,137, 15,13);
INSERT INTO move VALUES (13,138, 13,15);
INSERT INTO move VALUES (13,139, 10,9);
INSERT INTO move VALUES (13,140, 13,11);
INSERT INTO move VALUES (13,141, 12,14);
INSERT INTO move VALUES (13,142, 12,13);
INSERT INTO move VALUES (13,143, 10,15);
INSERT INTO move VALUES (13,144, 9,8);
INSERT INTO move VALUES (13,145, 10,8);
INSERT INTO move VALUES (13,146, 11,13);
INSERT INTO move VALUES (13,147, 10,14);
INSERT INTO move VALUES (13,148, 13,14);
INSERT INTO move VALUES (13,149, 9,17);
INSERT INTO move VALUES (13,150, 7,17);
INSERT INTO move VALUES (13,151, 13,17);
INSERT INTO move VALUES (13,152, 9,18);
INSERT INTO move VALUES (13,153, 10,17);
INSERT INTO move VALUES (13,154, 10,18);
INSERT INTO move VALUES (13,155, 7,18);
INSERT INTO move VALUES (13,156, 6,16);
INSERT INTO move VALUES (13,157, 5,18);
INSERT INTO move VALUES (13,158, 7,11);
INSERT INTO move VALUES (13,159, 8,10);
INSERT INTO move VALUES (13,160, 7,13);
INSERT INTO move VALUES (13,161, 7,10);
INSERT INTO move VALUES (13,162, 10,16);
INSERT INTO move VALUES (13,163, 9,16);
INSERT INTO move VALUES (13,164, 11,17);
INSERT INTO move VALUES (13,165, 10,12);
INSERT INTO move VALUES (13,166, 11,11);
INSERT INTO move VALUES (13,167, 7,14);
INSERT INTO move VALUES (13,168, 6,13);
INSERT INTO move VALUES (13,169, 5,16);
INSERT INTO move VALUES (13,170, 6,14);
INSERT INTO move VALUES (13,171, 6,15);
INSERT INTO move VALUES (13,172, 7,15);
INSERT INTO move VALUES (13,173, 7,16);
INSERT INTO move VALUES (13,174, 8,15);
INSERT INTO move VALUES (13,175, 8,16);
INSERT INTO move VALUES (13,176, 9,15);
INSERT INTO move VALUES (13,177, 8,18);
INSERT INTO move VALUES (13,178, 8,13);
INSERT INTO move VALUES (13,179, 9,9);
INSERT INTO move VALUES (13,180, 15,2);
INSERT INTO move VALUES (13,181, 14,2);
INSERT INTO move VALUES (13,182, 16,1);
INSERT INTO move VALUES (13,183, 12,18);
INSERT INTO move VALUES (13,184, 11,18);
INSERT INTO move VALUES (13,185, 14,3);
INSERT INTO move VALUES (13,186, 18,15);
INSERT INTO move VALUES (13,187, 17,16);
INSERT INTO move VALUES (13,188, 12,8);
INSERT INTO move VALUES (13,189, 13,8);
INSERT INTO move VALUES (13,190, 12,9);
INSERT INTO move VALUES (13,191, 12,7);
INSERT INTO move VALUES (13,192, 11,7);
INSERT INTO move VALUES (13,193, 8,1);
INSERT INTO move VALUES (13,194, 12,6);
INSERT INTO move VALUES (13,195, 10,4);
INSERT INTO move VALUES (13,196, 8,3);
INSERT INTO move VALUES (13,197, 13,7);
INSERT INTO move VALUES (13,198, 11,8);
INSERT INTO move VALUES (13,199, 17,12);
INSERT INTO move VALUES (13,200, 18,13);
INSERT INTO move VALUES (13,201, 18,11);
INSERT INTO move VALUES (13,202, 15,14);
INSERT INTO move VALUES (13,203, 11,6);
INSERT INTO move VALUES (13,204, 10,6);
INSERT INTO move VALUES (13,205, 11,5);
INSERT INTO move VALUES (13,206, 10,7);
INSERT INTO move VALUES (13,207, 10,5);
INSERT INTO move VALUES (13,208, 1,17);
INSERT INTO move VALUES (13,209, 2,17);
INSERT INTO move VALUES (13,210, 1,16);
INSERT INTO move VALUES (13,211, 1,18);
INSERT INTO move VALUES (13,212, 2,15);
INSERT INTO move VALUES (13,213, 2,16);
INSERT INTO move VALUES (13,214, 1,15);
INSERT INTO move VALUES (13,215, 2,18);
INSERT INTO move VALUES (13,216, 6,11);
INSERT INTO move VALUES (13,217, 5,11);
INSERT INTO move VALUES (13,218, 19,16);
INSERT INTO move VALUES (13,219, 19,17);
INSERT INTO move VALUES (13,220, 19,15);
INSERT INTO move VALUES (13,221, 17,6);
INSERT INTO move VALUES (13,222, 18,6);
INSERT INTO move VALUES (13,223, 1,5);
INSERT INTO move VALUES (13,224, 1,4);
INSERT INTO move VALUES (13,225, 1,8);
INSERT INTO move VALUES (13,226, 1,9);
INSERT INTO move VALUES (13,227, 1,7);
INSERT INTO move VALUES (13,228, 6,6);
INSERT INTO move VALUES (13,229, 6,4);
INSERT INTO move VALUES (13,230, 4,10);
INSERT INTO move VALUES (13,231, 5,9);
INSERT INTO move VALUES (13,232, 18,12);
INSERT INTO move VALUES (13,233, 17,11);
INSERT INTO move VALUES (13,234, 18,10);
INSERT INTO move VALUES (13,235, 19,12);
INSERT INTO move VALUES (13,236, 16,10);
INSERT INTO move VALUES (13,237, 19,13);
INSERT INTO move VALUES (13,238, 18,14);
INSERT INTO move VALUES (13,239, 13,16);
INSERT INTO move VALUES (13,240, 14,17);
INSERT INTO move VALUES (13,241, 14,18);
INSERT INTO move VALUES (13,242, 12,19);
INSERT INTO move VALUES (13,243, 13,19);
INSERT INTO move VALUES (13,244, 11,19);
INSERT INTO move VALUES (13,245, 6,7);
INSERT INTO move VALUES (13,246, 7,5);
INSERT INTO move VALUES (13,247, 4,1);
INSERT INTO move VALUES (13,248, 3,1);
INSERT INTO move VALUES (13,249, 3,13);
INSERT INTO move VALUES (13,250, 2,13);
INSERT INTO move VALUES (13,251, 9,19);
INSERT INTO move VALUES (13,252, 19,10);
INSERT INTO move VALUES (13,253, 19,11);
INSERT INTO move VALUES (13,254, 5,15);
INSERT INTO move VALUES (13,255, 6,12);
INSERT INTO move VALUES (13,256, 7,12);
INSERT INTO move VALUES (13,257, 5,13);
INSERT INTO move VALUES (13,258, 6,16);
INSERT INTO move VALUES (13,259, 11,3);
INSERT INTO move VALUES (13,260, 7,2);
INSERT INTO move VALUES (13,261, 6,15);
INSERT INTO move VALUES (13,262, 17,19);
INSERT INTO move VALUES (13,263, 18,19);
INSERT INTO move VALUES (13,264, 6,16);
INSERT INTO move VALUES (13,265, 14,1);
INSERT INTO move VALUES (13,266, 6,10);
INSERT INTO move VALUES (13,267, 15,1);
INSERT INTO move VALUES (13,268, 16,2);
INSERT INTO move VALUES (13,269, 6,9);
INSERT INTO move VALUES (13,270, 6,15);
INSERT INTO move VALUES (13,271, 10,10);
INSERT INTO move VALUES (13,272, 10,11);
INSERT INTO move VALUES (13,273, 4,16);
INSERT INTO move VALUES (13,274, 16,11);
INSERT INTO move VALUES (13,275, 16,12);
INSERT INTO move VALUES (13,276, 4,13);
INSERT INTO move VALUES (13,277, 11,1);
INSERT INTO move VALUES (13,278, 9,1);
INSERT INTO move VALUES (13,279, 5,12);
INSERT INTO move VALUES (13,280, 3,10);
INSERT INTO move VALUES (13,281, 8,19);
INSERT INTO move VALUES (13,282, 11,14);
INSERT INTO move VALUES (13,283, 15,8);
INSERT INTO move VALUES (13,284, 7,1);
INSERT INTO move VALUES (13,285, 16,19);
INSERT INTO move VALUES (13,286, 11,15);
INSERT INTO move VALUES (13,287, 13,18);
INSERT INTO move VALUES (13,288, 11,9);
INSERT INTO move VALUES (13,289, 8,9);
INSERT INTO move VALUES (13,290, 16,16);
INSERT INTO move VALUES (13,291, 15,17);
INSERT INTO move VALUES (13,292, 10,1);
INSERT INTO move VALUES (13,293, 16,13);
INSERT INTO move VALUES (13,294, 5,14);
INSERT INTO move VALUES (13,295, 19,14);
INSERT INTO move VALUES (13,296, 17,13);
INSERT INTO move VALUES (13,297, 10,19);
INSERT INTO move VALUES (13,298, 12,17);
INSERT INTO move VALUES (13,299, 12,10);
INSERT INTO move VALUES (13,300, 6,3);

INSERT INTO move VALUES (14,0, 17,4);
INSERT INTO move VALUES (14,1, 4,4);
INSERT INTO move VALUES (14,2, 16,17);
INSERT INTO move VALUES (14,3, 4,17);
INSERT INTO move VALUES (14,4, 3,3);
INSERT INTO move VALUES (14,5, 3,4);
INSERT INTO move VALUES (14,6, 4,3);
INSERT INTO move VALUES (14,7, 5,4);
INSERT INTO move VALUES (14,8, 6,2);
INSERT INTO move VALUES (14,9, 15,3);
INSERT INTO move VALUES (14,10, 17,14);
INSERT INTO move VALUES (14,11, 16,5);
INSERT INTO move VALUES (14,12, 17,5);
INSERT INTO move VALUES (14,13, 16,6);
INSERT INTO move VALUES (14,14, 17,7);
INSERT INTO move VALUES (14,15, 16,7);
INSERT INTO move VALUES (14,16, 17,8);
INSERT INTO move VALUES (14,17, 16,8);
INSERT INTO move VALUES (14,18, 4,15);
INSERT INTO move VALUES (14,19, 3,15);
INSERT INTO move VALUES (14,20, 3,14);
INSERT INTO move VALUES (14,21, 3,16);
INSERT INTO move VALUES (14,22, 4,14);
INSERT INTO move VALUES (14,23, 6,17);
INSERT INTO move VALUES (14,24, 4,10);
INSERT INTO move VALUES (14,25, 17,9);
INSERT INTO move VALUES (14,26, 18,9);
INSERT INTO move VALUES (14,27, 2,3);
INSERT INTO move VALUES (14,28, 2,2);
INSERT INTO move VALUES (14,29, 5,2);
INSERT INTO move VALUES (14,30, 2,4);
INSERT INTO move VALUES (14,31, 5,3);
INSERT INTO move VALUES (14,32, 10,3);
INSERT INTO move VALUES (14,33, 2,5);
INSERT INTO move VALUES (14,34, 1,3);
INSERT INTO move VALUES (14,35, 12,3);
INSERT INTO move VALUES (14,36, 8,4);
INSERT INTO move VALUES (14,37, 3,8);
INSERT INTO move VALUES (14,38, 16,3);
INSERT INTO move VALUES (14,39, 16,2);
INSERT INTO move VALUES (14,40, 17,2);
INSERT INTO move VALUES (14,41, 16,4);
INSERT INTO move VALUES (14,42, 17,3);
INSERT INTO move VALUES (14,43, 4,11);
INSERT INTO move VALUES (14,44, 3,11);
INSERT INTO move VALUES (14,45, 3,12);
INSERT INTO move VALUES (14,46, 2,12);
INSERT INTO move VALUES (14,47, 3,10);
INSERT INTO move VALUES (14,48, 2,11);
INSERT INTO move VALUES (14,49, 4,12);
INSERT INTO move VALUES (14,50, 3,9);
INSERT INTO move VALUES (14,51, 4,9);
INSERT INTO move VALUES (14,52, 2,10);
INSERT INTO move VALUES (14,53, 5,10);
INSERT INTO move VALUES (14,54, 4,8);
INSERT INTO move VALUES (14,55, 3,10);
INSERT INTO move VALUES (14,56, 2,9);
INSERT INTO move VALUES (14,57, 5,8);
INSERT INTO move VALUES (14,58, 4,7);
INSERT INTO move VALUES (14,59, 5,7);
INSERT INTO move VALUES (14,60, 4,6);
INSERT INTO move VALUES (14,61, 3,6);
INSERT INTO move VALUES (14,62, 3,7);
INSERT INTO move VALUES (14,63, 2,7);
INSERT INTO move VALUES (14,64, 2,8);
INSERT INTO move VALUES (14,65, 5,6);
INSERT INTO move VALUES (14,66, 2,14);
INSERT INTO move VALUES (14,67, 9,5);
INSERT INTO move VALUES (14,68, 8,5);
INSERT INTO move VALUES (14,69, 9,6);
INSERT INTO move VALUES (14,70, 7,3);
INSERT INTO move VALUES (14,71, 8,2);
INSERT INTO move VALUES (14,72, 9,4);
INSERT INTO move VALUES (14,73, 8,6);
INSERT INTO move VALUES (14,74, 6,1);
INSERT INTO move VALUES (14,75, 11,2);
INSERT INTO move VALUES (14,76, 7,6);
INSERT INTO move VALUES (14,77, 7,7);
INSERT INTO move VALUES (14,78, 6,5);
INSERT INTO move VALUES (14,79, 4,5);
INSERT INTO move VALUES (14,80, 3,8);
INSERT INTO move VALUES (14,81, 7,5);
INSERT INTO move VALUES (14,82, 7,4);
INSERT INTO move VALUES (14,83, 5,5);
INSERT INTO move VALUES (14,84, 9,2);
INSERT INTO move VALUES (14,85, 11,4);
INSERT INTO move VALUES (14,86, 16,9);
INSERT INTO move VALUES (14,87, 5,1);
INSERT INTO move VALUES (14,88, 10,2);
INSERT INTO move VALUES (14,89, 15,9);
INSERT INTO move VALUES (14,90, 17,10);
INSERT INTO move VALUES (14,91, 15,10);
INSERT INTO move VALUES (14,92, 11,16);
INSERT INTO move VALUES (14,93, 16,15);
INSERT INTO move VALUES (14,94, 14,16);
INSERT INTO move VALUES (14,95, 17,15);
INSERT INTO move VALUES (14,96, 8,17);
INSERT INTO move VALUES (14,97, 12,15);
INSERT INTO move VALUES (14,98, 12,16);
INSERT INTO move VALUES (14,99, 14,15);
INSERT INTO move VALUES (14,100, 15,16);
INSERT INTO move VALUES (14,101, 17,17);
INSERT INTO move VALUES (14,102, 15,15);
INSERT INTO move VALUES (14,103, 16,18);
INSERT INTO move VALUES (14,104, 16,14);
INSERT INTO move VALUES (14,105, 18,16);
INSERT INTO move VALUES (14,106, 11,10);
INSERT INTO move VALUES (14,107, 15,18);
INSERT INTO move VALUES (14,108, 17,18);
INSERT INTO move VALUES (14,109, 18,18);
INSERT INTO move VALUES (14,110, 4,2);
INSERT INTO move VALUES (14,111, 11,12);
INSERT INTO move VALUES (14,112, 8,7);
INSERT INTO move VALUES (14,113, 9,7);
INSERT INTO move VALUES (14,114, 8,8);
INSERT INTO move VALUES (14,115, 7,8);
INSERT INTO move VALUES (14,116, 9,11);
INSERT INTO move VALUES (14,117, 9,12);
INSERT INTO move VALUES (14,118, 8,12);
INSERT INTO move VALUES (14,119, 8,11);
INSERT INTO move VALUES (14,120, 9,10);
INSERT INTO move VALUES (14,121, 9,13);
INSERT INTO move VALUES (14,122, 12,11);
INSERT INTO move VALUES (14,123, 14,13);
INSERT INTO move VALUES (14,124, 14,11);
INSERT INTO move VALUES (14,125, 15,11);
INSERT INTO move VALUES (14,126, 14,12);
INSERT INTO move VALUES (14,127, 15,12);
INSERT INTO move VALUES (14,128, 13,13);
INSERT INTO move VALUES (14,129, 12,12);
INSERT INTO move VALUES (14,130, 13,12);
INSERT INTO move VALUES (14,131, 13,10);
INSERT INTO move VALUES (14,132, 14,10);
INSERT INTO move VALUES (14,133, 13,9);
INSERT INTO move VALUES (14,134, 14,9);
INSERT INTO move VALUES (14,135, 14,8);
INSERT INTO move VALUES (14,136, 14,14);
INSERT INTO move VALUES (14,137, 15,13);
INSERT INTO move VALUES (14,138, 13,15);
INSERT INTO move VALUES (14,139, 10,9);
INSERT INTO move VALUES (14,140, 13,11);
INSERT INTO move VALUES (14,141, 12,14);
INSERT INTO move VALUES (14,142, 12,13);
INSERT INTO move VALUES (14,143, 10,15);
INSERT INTO move VALUES (14,144, 9,8);
INSERT INTO move VALUES (14,145, 10,8);
INSERT INTO move VALUES (14,146, 11,13);
INSERT INTO move VALUES (14,147, 10,14);
INSERT INTO move VALUES (14,148, 13,14);
INSERT INTO move VALUES (14,149, 9,17);
INSERT INTO move VALUES (14,150, 7,17);
INSERT INTO move VALUES (14,151, 13,17);
INSERT INTO move VALUES (14,152, 9,18);
INSERT INTO move VALUES (14,153, 10,17);
INSERT INTO move VALUES (14,154, 10,18);
INSERT INTO move VALUES (14,155, 7,18);
INSERT INTO move VALUES (14,156, 6,16);
INSERT INTO move VALUES (14,157, 5,18);
INSERT INTO move VALUES (14,158, 7,11);
INSERT INTO move VALUES (14,159, 8,10);
INSERT INTO move VALUES (14,160, 7,13);
INSERT INTO move VALUES (14,161, 7,10);
INSERT INTO move VALUES (14,162, 10,16);
INSERT INTO move VALUES (14,163, 9,16);
INSERT INTO move VALUES (14,164, 11,17);
INSERT INTO move VALUES (14,165, 10,12);
INSERT INTO move VALUES (14,166, 11,11);
INSERT INTO move VALUES (14,167, 7,14);
INSERT INTO move VALUES (14,168, 6,13);
INSERT INTO move VALUES (14,169, 5,16);
INSERT INTO move VALUES (14,170, 6,14);
INSERT INTO move VALUES (14,171, 6,15);
INSERT INTO move VALUES (14,172, 7,15);
INSERT INTO move VALUES (14,173, 7,16);
INSERT INTO move VALUES (14,174, 8,15);
INSERT INTO move VALUES (14,175, 8,16);
INSERT INTO move VALUES (14,176, 9,15);
INSERT INTO move VALUES (14,177, 8,18);
INSERT INTO move VALUES (14,178, 8,13);
INSERT INTO move VALUES (14,179, 9,9);
INSERT INTO move VALUES (14,180, 15,2);
INSERT INTO move VALUES (14,181, 14,2);
INSERT INTO move VALUES (14,182, 16,1);
INSERT INTO move VALUES (14,183, 12,18);
INSERT INTO move VALUES (14,184, 11,18);
INSERT INTO move VALUES (14,185, 14,3);
INSERT INTO move VALUES (14,186, 18,15);
INSERT INTO move VALUES (14,187, 17,16);
INSERT INTO move VALUES (14,188, 12,8);
INSERT INTO move VALUES (14,189, 13,8);
INSERT INTO move VALUES (14,190, 12,9);
INSERT INTO move VALUES (14,191, 12,7);
INSERT INTO move VALUES (14,192, 11,7);
INSERT INTO move VALUES (14,193, 8,1);
INSERT INTO move VALUES (14,194, 12,6);
INSERT INTO move VALUES (14,195, 10,4);
INSERT INTO move VALUES (14,196, 8,3);
INSERT INTO move VALUES (14,197, 13,7);
INSERT INTO move VALUES (14,198, 11,8);
INSERT INTO move VALUES (14,199, 17,12);
INSERT INTO move VALUES (14,200, 18,13);
INSERT INTO move VALUES (14,201, 18,11);
INSERT INTO move VALUES (14,202, 15,14);
INSERT INTO move VALUES (14,203, 11,6);
INSERT INTO move VALUES (14,204, 10,6);
INSERT INTO move VALUES (14,205, 11,5);
INSERT INTO move VALUES (14,206, 10,7);
INSERT INTO move VALUES (14,207, 10,5);
INSERT INTO move VALUES (14,208, 1,17);
INSERT INTO move VALUES (14,209, 2,17);
INSERT INTO move VALUES (14,210, 1,16);
INSERT INTO move VALUES (14,211, 1,18);
INSERT INTO move VALUES (14,212, 2,15);
INSERT INTO move VALUES (14,213, 2,16);
INSERT INTO move VALUES (14,214, 1,15);
INSERT INTO move VALUES (14,215, 2,18);
INSERT INTO move VALUES (14,216, 6,11);
INSERT INTO move VALUES (14,217, 5,11);
INSERT INTO move VALUES (14,218, 19,16);
INSERT INTO move VALUES (14,219, 19,17);
INSERT INTO move VALUES (14,220, 19,15);
INSERT INTO move VALUES (14,221, 17,6);
INSERT INTO move VALUES (14,222, 18,6);
INSERT INTO move VALUES (14,223, 1,5);
INSERT INTO move VALUES (14,224, 1,4);
INSERT INTO move VALUES (14,225, 1,8);
INSERT INTO move VALUES (14,226, 1,9);
INSERT INTO move VALUES (14,227, 1,7);
INSERT INTO move VALUES (14,228, 6,6);
INSERT INTO move VALUES (14,229, 6,4);
INSERT INTO move VALUES (14,230, 4,10);
INSERT INTO move VALUES (14,231, 5,9);
INSERT INTO move VALUES (14,232, 18,12);
INSERT INTO move VALUES (14,233, 17,11);
INSERT INTO move VALUES (14,234, 18,10);
INSERT INTO move VALUES (14,235, 19,12);
INSERT INTO move VALUES (14,236, 16,10);
INSERT INTO move VALUES (14,237, 19,13);
INSERT INTO move VALUES (14,238, 18,14);
INSERT INTO move VALUES (14,239, 13,16);
INSERT INTO move VALUES (14,240, 14,17);
INSERT INTO move VALUES (14,241, 14,18);
INSERT INTO move VALUES (14,242, 12,19);
INSERT INTO move VALUES (14,243, 13,19);
INSERT INTO move VALUES (14,244, 11,19);
INSERT INTO move VALUES (14,245, 6,7);
INSERT INTO move VALUES (14,246, 7,5);
INSERT INTO move VALUES (14,247, 4,1);
INSERT INTO move VALUES (14,248, 3,1);
INSERT INTO move VALUES (14,249, 3,13);
INSERT INTO move VALUES (14,250, 2,13);
INSERT INTO move VALUES (14,251, 9,19);
INSERT INTO move VALUES (14,252, 19,10);
INSERT INTO move VALUES (14,253, 19,11);
INSERT INTO move VALUES (14,254, 5,15);
INSERT INTO move VALUES (14,255, 6,12);
INSERT INTO move VALUES (14,256, 7,12);
INSERT INTO move VALUES (14,257, 5,13);
INSERT INTO move VALUES (14,258, 6,16);
INSERT INTO move VALUES (14,259, 11,3);
INSERT INTO move VALUES (14,260, 7,2);
INSERT INTO move VALUES (14,261, 6,15);
INSERT INTO move VALUES (14,262, 17,19);
INSERT INTO move VALUES (14,263, 18,19);
INSERT INTO move VALUES (14,264, 6,16);
INSERT INTO move VALUES (14,265, 14,1);
INSERT INTO move VALUES (14,266, 6,10);
INSERT INTO move VALUES (14,267, 15,1);
INSERT INTO move VALUES (14,268, 16,2);
INSERT INTO move VALUES (14,269, 6,9);
INSERT INTO move VALUES (14,270, 6,15);
INSERT INTO move VALUES (14,271, 10,10);
INSERT INTO move VALUES (14,272, 10,11);
INSERT INTO move VALUES (14,273, 4,16);
INSERT INTO move VALUES (14,274, 16,11);
INSERT INTO move VALUES (14,275, 16,12);
INSERT INTO move VALUES (14,276, 4,13);
INSERT INTO move VALUES (14,277, 11,1);
INSERT INTO move VALUES (14,278, 9,1);
INSERT INTO move VALUES (14,279, 5,12);
INSERT INTO move VALUES (14,280, 3,10);
INSERT INTO move VALUES (14,281, 8,19);
INSERT INTO move VALUES (14,282, 11,14);
INSERT INTO move VALUES (14,283, 15,8);
INSERT INTO move VALUES (14,284, 7,1);
INSERT INTO move VALUES (14,285, 16,19);
INSERT INTO move VALUES (14,286, 11,15);
INSERT INTO move VALUES (14,287, 13,18);
INSERT INTO move VALUES (14,288, 11,9);
INSERT INTO move VALUES (14,289, 8,9);
INSERT INTO move VALUES (14,290, 16,16);
INSERT INTO move VALUES (14,291, 15,17);
INSERT INTO move VALUES (14,292, 10,1);
INSERT INTO move VALUES (14,293, 16,13);
INSERT INTO move VALUES (14,294, 5,14);
INSERT INTO move VALUES (14,295, 19,14);
INSERT INTO move VALUES (14,296, 17,13);
INSERT INTO move VALUES (14,297, 10,19);
INSERT INTO move VALUES (14,298, 12,17);
INSERT INTO move VALUES (14,299, 12,10);
INSERT INTO move VALUES (14,300, 6,3);
INSERT INTO move VALUES (14,301, 12,17);
INSERT INTO move VALUES (14,302, 12,10);
INSERT INTO move VALUES (14,303, 6,3);

INSERT INTO move VALUES (15,0, 16,16);
INSERT INTO move VALUES (15,1, 17,4);
INSERT INTO move VALUES (15,2, 4,16);
INSERT INTO move VALUES (15,3, 3,3);
INSERT INTO move VALUES (15,4, 15,3);
INSERT INTO move VALUES (15,5, 16,5);
INSERT INTO move VALUES (15,6, 12,3);
INSERT INTO move VALUES (15,7, 3,17);
INSERT INTO move VALUES (15,8, 3,16);
INSERT INTO move VALUES (15,9, 4,17);
INSERT INTO move VALUES (15,10, 6,17);
INSERT INTO move VALUES (15,11, 5,17);
INSERT INTO move VALUES (15,12, 5,16);
INSERT INTO move VALUES (15,13, 6,18);
INSERT INTO move VALUES (15,14, 2,17);
INSERT INTO move VALUES (15,15, 2,18);
INSERT INTO move VALUES (15,16, 5,18);
INSERT INTO move VALUES (15,17, 4,18);
INSERT INTO move VALUES (15,18, 7,18);
INSERT INTO move VALUES (15,19, 5,19);
INSERT INTO move VALUES (15,20, 7,17);
INSERT INTO move VALUES (15,21, 6,15);
INSERT INTO move VALUES (15,22, 4,12);
INSERT INTO move VALUES (15,23, 14,17);
INSERT INTO move VALUES (15,24, 15,17);
INSERT INTO move VALUES (15,25, 14,16);
INSERT INTO move VALUES (15,26, 16,14);
INSERT INTO move VALUES (15,27, 10,16);
INSERT INTO move VALUES (15,28, 9,15);
INSERT INTO move VALUES (15,29, 11,14);
INSERT INTO move VALUES (15,30, 10,13);
INSERT INTO move VALUES (15,31, 9,16);
INSERT INTO move VALUES (15,32, 8,15);
INSERT INTO move VALUES (15,33, 10,14);
INSERT INTO move VALUES (15,34, 9,13);
INSERT INTO move VALUES (15,35, 11,13);
INSERT INTO move VALUES (15,36, 8,16);
INSERT INTO move VALUES (15,37, 17,12);
INSERT INTO move VALUES (15,38, 18,13);
INSERT INTO move VALUES (15,39, 3,10);
INSERT INTO move VALUES (15,40, 5,10);
INSERT INTO move VALUES (15,41, 4,8);
INSERT INTO move VALUES (15,42, 3,6);
INSERT INTO move VALUES (15,43, 5,4);
INSERT INTO move VALUES (15,44, 5,5);
INSERT INTO move VALUES (15,45, 6,4);
INSERT INTO move VALUES (15,46, 5,8);
INSERT INTO move VALUES (15,47, 5,7);
INSERT INTO move VALUES (15,48, 4,7);
INSERT INTO move VALUES (15,49, 3,8);
INSERT INTO move VALUES (15,50, 6,7);
INSERT INTO move VALUES (15,51, 5,9);
INSERT INTO move VALUES (15,52, 5,6);
INSERT INTO move VALUES (15,53, 6,9);
INSERT INTO move VALUES (15,54, 4,10);
INSERT INTO move VALUES (15,55, 4,9);
INSERT INTO move VALUES (15,56, 3,11);
INSERT INTO move VALUES (15,57, 6,10);
INSERT INTO move VALUES (15,58, 6,12);
INSERT INTO move VALUES (15,59, 8,7);
INSERT INTO move VALUES (15,60, 7,5);
INSERT INTO move VALUES (15,61, 8,3);
INSERT INTO move VALUES (15,62, 9,5);
INSERT INTO move VALUES (15,63, 9,11);
INSERT INTO move VALUES (15,64, 11,12);
INSERT INTO move VALUES (15,65, 12,12);
INSERT INTO move VALUES (15,66, 11,11);
INSERT INTO move VALUES (15,67, 5,11);
INSERT INTO move VALUES (15,68, 4,11);
INSERT INTO move VALUES (15,69, 5,12);
INSERT INTO move VALUES (15,70, 6,11);
INSERT INTO move VALUES (15,71, 5,13);
INSERT INTO move VALUES (15,72, 4,13);
INSERT INTO move VALUES (15,73, 4,14);
INSERT INTO move VALUES (15,74, 8,12);
INSERT INTO move VALUES (15,75, 5,14);
INSERT INTO move VALUES (15,76, 3,14);
INSERT INTO move VALUES (15,77, 3,13);
INSERT INTO move VALUES (15,78, 2,11);
INSERT INTO move VALUES (15,79, 3,15);
INSERT INTO move VALUES (15,80, 2,14);
INSERT INTO move VALUES (15,81, 2,15);
INSERT INTO move VALUES (15,82, 2,13);
INSERT INTO move VALUES (15,83, 2,16);
INSERT INTO move VALUES (15,84, 8,9);
INSERT INTO move VALUES (15,85, 7,8);
INSERT INTO move VALUES (15,86, 10,7);
INSERT INTO move VALUES (15,87, 2,10);
INSERT INTO move VALUES (15,88, 2,7);
INSERT INTO move VALUES (15,89, 2,8);
INSERT INTO move VALUES (15,90, 1,11);
INSERT INTO move VALUES (15,91, 8,11);
INSERT INTO move VALUES (15,92, 10,9);
INSERT INTO move VALUES (15,93, 9,6);
INSERT INTO move VALUES (15,94, 7,4);
INSERT INTO move VALUES (15,95, 10,6);
INSERT INTO move VALUES (15,96, 7,3);
INSERT INTO move VALUES (15,97, 7,13);
INSERT INTO move VALUES (15,98, 7,12);
INSERT INTO move VALUES (15,99, 8,13);
INSERT INTO move VALUES (15,100, 6,13);
INSERT INTO move VALUES (15,101, 7,14);
INSERT INTO move VALUES (15,102, 9,12);
INSERT INTO move VALUES (15,103, 9,14);
INSERT INTO move VALUES (15,104, 12,11);
INSERT INTO move VALUES (15,105, 11,7);
INSERT INTO move VALUES (15,106, 11,8);
INSERT INTO move VALUES (15,107, 11,17);
INSERT INTO move VALUES (15,108, 11,6);
INSERT INTO move VALUES (15,109, 10,5);
INSERT INTO move VALUES (15,110, 12,7);
INSERT INTO move VALUES (15,111, 8,5);
INSERT INTO move VALUES (15,112, 2,4);
INSERT INTO move VALUES (15,113, 16,3);
INSERT INTO move VALUES (15,114, 17,8);
INSERT INTO move VALUES (15,115, 11,3);
INSERT INTO move VALUES (15,116, 11,4);
INSERT INTO move VALUES (15,117, 10,4);
INSERT INTO move VALUES (15,118, 11,2);
INSERT INTO move VALUES (15,119, 16,8);
INSERT INTO move VALUES (15,120, 16,9);
INSERT INTO move VALUES (15,121, 17,7);
INSERT INTO move VALUES (15,122, 16,7);
INSERT INTO move VALUES (15,123, 15,8);
INSERT INTO move VALUES (15,124, 17,9);
INSERT INTO move VALUES (15,125, 18,7);
INSERT INTO move VALUES (15,126, 10,3);
INSERT INTO move VALUES (15,127, 9,3);
INSERT INTO move VALUES (15,128, 7,2);
INSERT INTO move VALUES (15,129, 14,18);
INSERT INTO move VALUES (15,130, 7,6);
INSERT INTO move VALUES (15,131, 8,6);
INSERT INTO move VALUES (15,132, 1,7);
INSERT INTO move VALUES (15,133, 1,8);
INSERT INTO move VALUES (15,134, 15,7);
INSERT INTO move VALUES (15,135, 16,18);
INSERT INTO move VALUES (15,136, 15,2);
INSERT INTO move VALUES (15,137, 16,2);
INSERT INTO move VALUES (15,138, 13,12);
INSERT INTO move VALUES (15,139, 16,13);
INSERT INTO move VALUES (15,140, 15,13);
INSERT INTO move VALUES (15,141, 17,14);
INSERT INTO move VALUES (15,142, 17,13);
INSERT INTO move VALUES (15,143, 16,15);
INSERT INTO move VALUES (15,144, 16,12);
INSERT INTO move VALUES (15,145, 15,15);
INSERT INTO move VALUES (15,146, 18,15);
INSERT INTO move VALUES (15,147, 18,16);
INSERT INTO move VALUES (15,148, 17,16);
INSERT INTO move VALUES (15,149, 17,15);
INSERT INTO move VALUES (15,150, 18,17);
INSERT INTO move VALUES (15,151, 18,14);
INSERT INTO move VALUES (15,152, 19,16);
INSERT INTO move VALUES (15,153, 19,13);
INSERT INTO move VALUES (15,154, 15,18);
INSERT INTO move VALUES (15,155, 15,19);
INSERT INTO move VALUES (15,156, 17,18);
INSERT INTO move VALUES (15,157, 18,12);
INSERT INTO move VALUES (15,158, 16,13);
INSERT INTO move VALUES (15,159, 15,4);
INSERT INTO move VALUES (15,160, 14,14);
INSERT INTO move VALUES (15,161, 16,17);
INSERT INTO move VALUES (15,162, 15,16);
INSERT INTO move VALUES (15,163, 14,15);
INSERT INTO move VALUES (15,164, 19,15);
INSERT INTO move VALUES (15,165, 19,14);
INSERT INTO move VALUES (15,166, 13,15);
INSERT INTO move VALUES (15,167, 17,11);
INSERT INTO move VALUES (15,168, 12,16);
INSERT INTO move VALUES (15,169, 11,16);
INSERT INTO move VALUES (15,170, 15,9);
INSERT INTO move VALUES (15,171, 8,2);
INSERT INTO move VALUES (15,172, 7,1);
INSERT INTO move VALUES (15,173, 14,3);
INSERT INTO move VALUES (15,174, 14,2);
INSERT INTO move VALUES (15,175, 13,2);
INSERT INTO move VALUES (15,176, 13,3);
INSERT INTO move VALUES (15,177, 14,4);
INSERT INTO move VALUES (15,178, 13,1);
INSERT INTO move VALUES (15,179, 7,10);
INSERT INTO move VALUES (15,180, 6,8);
INSERT INTO move VALUES (15,181, 7,9);
INSERT INTO move VALUES (15,182, 12,17);
INSERT INTO move VALUES (15,183, 12,18);
INSERT INTO move VALUES (15,184, 12,15);
INSERT INTO move VALUES (15,185, 18,10);
INSERT INTO move VALUES (15,186, 13,18);
INSERT INTO move VALUES (15,187, 11,18);
INSERT INTO move VALUES (15,188, 18,8);
INSERT INTO move VALUES (15,189, 16,6);
INSERT INTO move VALUES (15,190, 19,7);
INSERT INTO move VALUES (15,191, 18,5);
INSERT INTO move VALUES (15,192, 13,17);
INSERT INTO move VALUES (15,193, 13,19);
INSERT INTO move VALUES (15,194, 6,14);
INSERT INTO move VALUES (15,195, 7,15);
INSERT INTO move VALUES (15,196, 16,11);
INSERT INTO move VALUES (15,197, 16,19);
INSERT INTO move VALUES (15,198, 17,17);
INSERT INTO move VALUES (15,199, 12,13);
INSERT INTO move VALUES (15,200, 13,13);
INSERT INTO move VALUES (15,201, 15,1);
INSERT INTO move VALUES (15,202, 12,2);
INSERT INTO move VALUES (15,203, 19,6);
INSERT INTO move VALUES (15,204, 19,8);
INSERT INTO move VALUES (15,205, 14,6);
INSERT INTO move VALUES (15,206, 14,7);
INSERT INTO move VALUES (15,207, 13,6);
INSERT INTO move VALUES (15,208, 13,7);
INSERT INTO move VALUES (15,209, 10,2);
INSERT INTO move VALUES (15,210, 17,10);

INSERT INTO move VALUES (16,0, 16,16);
INSERT INTO move VALUES (16,1, 17,4);
INSERT INTO move VALUES (16,2, 4,16);
INSERT INTO move VALUES (16,3, 3,3);
INSERT INTO move VALUES (16,4, 15,3);
INSERT INTO move VALUES (16,5, 16,5);
INSERT INTO move VALUES (16,6, 12,3);
INSERT INTO move VALUES (16,7, 3,17);
INSERT INTO move VALUES (16,8, 3,16);
INSERT INTO move VALUES (16,9, 4,17);
INSERT INTO move VALUES (16,10, 6,17);
INSERT INTO move VALUES (16,11, 5,17);
INSERT INTO move VALUES (16,12, 5,16);
INSERT INTO move VALUES (16,13, 6,18);
INSERT INTO move VALUES (16,14, 2,17);
INSERT INTO move VALUES (16,15, 2,18);
INSERT INTO move VALUES (16,16, 5,18);
INSERT INTO move VALUES (16,17, 4,18);
INSERT INTO move VALUES (16,18, 7,18);
INSERT INTO move VALUES (16,19, 5,19);
INSERT INTO move VALUES (16,20, 7,17);
INSERT INTO move VALUES (16,21, 6,15);
INSERT INTO move VALUES (16,22, 4,12);
INSERT INTO move VALUES (16,23, 14,17);
INSERT INTO move VALUES (16,24, 15,17);
INSERT INTO move VALUES (16,25, 14,16);
INSERT INTO move VALUES (16,26, 16,14);
INSERT INTO move VALUES (16,27, 10,16);
INSERT INTO move VALUES (16,28, 9,15);
INSERT INTO move VALUES (16,29, 11,14);
INSERT INTO move VALUES (16,30, 10,13);
INSERT INTO move VALUES (16,31, 9,16);
INSERT INTO move VALUES (16,32, 8,15);
INSERT INTO move VALUES (16,33, 10,14);
INSERT INTO move VALUES (16,34, 9,13);
INSERT INTO move VALUES (16,35, 11,13);
INSERT INTO move VALUES (16,36, 8,16);
INSERT INTO move VALUES (16,37, 17,12);
INSERT INTO move VALUES (16,38, 18,13);
INSERT INTO move VALUES (16,39, 3,10);
INSERT INTO move VALUES (16,40, 5,10);
INSERT INTO move VALUES (16,41, 4,8);
INSERT INTO move VALUES (16,42, 3,6);
INSERT INTO move VALUES (16,43, 5,4);
INSERT INTO move VALUES (16,44, 5,5);
INSERT INTO move VALUES (16,45, 6,4);
INSERT INTO move VALUES (16,46, 5,8);
INSERT INTO move VALUES (16,47, 5,7);
INSERT INTO move VALUES (16,48, 4,7);
INSERT INTO move VALUES (16,49, 3,8);
INSERT INTO move VALUES (16,50, 6,7);
INSERT INTO move VALUES (16,51, 5,9);
INSERT INTO move VALUES (16,52, 5,6);
INSERT INTO move VALUES (16,53, 6,9);
INSERT INTO move VALUES (16,54, 4,10);
INSERT INTO move VALUES (16,55, 4,9);
INSERT INTO move VALUES (16,56, 3,11);
INSERT INTO move VALUES (16,57, 6,10);
INSERT INTO move VALUES (16,58, 6,12);
INSERT INTO move VALUES (16,59, 8,7);
INSERT INTO move VALUES (16,60, 7,5);
INSERT INTO move VALUES (16,61, 8,3);
INSERT INTO move VALUES (16,62, 9,5);
INSERT INTO move VALUES (16,63, 9,11);
INSERT INTO move VALUES (16,64, 11,12);
INSERT INTO move VALUES (16,65, 12,12);
INSERT INTO move VALUES (16,66, 11,11);
INSERT INTO move VALUES (16,67, 5,11);
INSERT INTO move VALUES (16,68, 4,11);
INSERT INTO move VALUES (16,69, 5,12);
INSERT INTO move VALUES (16,70, 6,11);
INSERT INTO move VALUES (16,71, 5,13);
INSERT INTO move VALUES (16,72, 4,13);
INSERT INTO move VALUES (16,73, 4,14);
INSERT INTO move VALUES (16,74, 8,12);
INSERT INTO move VALUES (16,75, 5,14);
INSERT INTO move VALUES (16,76, 3,14);
INSERT INTO move VALUES (16,77, 3,13);
INSERT INTO move VALUES (16,78, 2,11);
INSERT INTO move VALUES (16,79, 3,15);
INSERT INTO move VALUES (16,80, 2,14);
INSERT INTO move VALUES (16,81, 2,15);
INSERT INTO move VALUES (16,82, 2,13);
INSERT INTO move VALUES (16,83, 2,16);
INSERT INTO move VALUES (16,84, 8,9);
INSERT INTO move VALUES (16,85, 7,8);
INSERT INTO move VALUES (16,86, 10,7);
INSERT INTO move VALUES (16,87, 2,10);
INSERT INTO move VALUES (16,88, 2,7);
INSERT INTO move VALUES (16,89, 2,8);
INSERT INTO move VALUES (16,90, 1,11);
INSERT INTO move VALUES (16,91, 8,11);
INSERT INTO move VALUES (16,92, 10,9);
INSERT INTO move VALUES (16,93, 9,6);
INSERT INTO move VALUES (16,94, 7,4);
INSERT INTO move VALUES (16,95, 10,6);
INSERT INTO move VALUES (16,96, 7,3);
INSERT INTO move VALUES (16,97, 7,13);
INSERT INTO move VALUES (16,98, 7,12);
INSERT INTO move VALUES (16,99, 8,13);
INSERT INTO move VALUES (16,100, 6,13);
INSERT INTO move VALUES (16,101, 7,14);
INSERT INTO move VALUES (16,102, 9,12);
INSERT INTO move VALUES (16,103, 9,14);
INSERT INTO move VALUES (16,104, 12,11);
INSERT INTO move VALUES (16,105, 11,7);
INSERT INTO move VALUES (16,106, 11,8);
INSERT INTO move VALUES (16,107, 11,17);
INSERT INTO move VALUES (16,108, 11,6);
INSERT INTO move VALUES (16,109, 10,5);
INSERT INTO move VALUES (16,110, 12,7);
INSERT INTO move VALUES (16,111, 8,5);
INSERT INTO move VALUES (16,112, 2,4);
INSERT INTO move VALUES (16,113, 16,3);
INSERT INTO move VALUES (16,114, 17,8);
INSERT INTO move VALUES (16,115, 11,3);
INSERT INTO move VALUES (16,116, 11,4);
INSERT INTO move VALUES (16,117, 10,4);
INSERT INTO move VALUES (16,118, 11,2);
INSERT INTO move VALUES (16,119, 16,8);
INSERT INTO move VALUES (16,120, 16,9);
INSERT INTO move VALUES (16,121, 17,7);
INSERT INTO move VALUES (16,122, 16,7);
INSERT INTO move VALUES (16,123, 15,8);
INSERT INTO move VALUES (16,124, 17,9);
INSERT INTO move VALUES (16,125, 18,7);
INSERT INTO move VALUES (16,126, 10,3);
INSERT INTO move VALUES (16,127, 9,3);
INSERT INTO move VALUES (16,128, 7,2);
INSERT INTO move VALUES (16,129, 14,18);
INSERT INTO move VALUES (16,130, 7,6);
INSERT INTO move VALUES (16,131, 8,6);
INSERT INTO move VALUES (16,132, 1,7);
INSERT INTO move VALUES (16,133, 1,8);
INSERT INTO move VALUES (16,134, 15,7);
INSERT INTO move VALUES (16,135, 16,18);
INSERT INTO move VALUES (16,136, 15,2);
INSERT INTO move VALUES (16,137, 16,2);
INSERT INTO move VALUES (16,138, 13,12);
INSERT INTO move VALUES (16,139, 16,13);
INSERT INTO move VALUES (16,140, 15,13);
INSERT INTO move VALUES (16,141, 17,14);
INSERT INTO move VALUES (16,142, 17,13);
INSERT INTO move VALUES (16,143, 16,15);
INSERT INTO move VALUES (16,144, 16,12);
INSERT INTO move VALUES (16,145, 15,15);
INSERT INTO move VALUES (16,146, 18,15);
INSERT INTO move VALUES (16,147, 18,16);
INSERT INTO move VALUES (16,148, 17,16);
INSERT INTO move VALUES (16,149, 17,15);
INSERT INTO move VALUES (16,150, 18,17);
INSERT INTO move VALUES (16,151, 18,14);
INSERT INTO move VALUES (16,152, 19,16);
INSERT INTO move VALUES (16,153, 19,13);
INSERT INTO move VALUES (16,154, 15,18);
INSERT INTO move VALUES (16,155, 15,19);
INSERT INTO move VALUES (16,156, 17,18);
INSERT INTO move VALUES (16,157, 18,12);
INSERT INTO move VALUES (16,158, 16,13);
INSERT INTO move VALUES (16,159, 15,4);
INSERT INTO move VALUES (16,160, 14,14);
INSERT INTO move VALUES (16,161, 16,17);
INSERT INTO move VALUES (16,162, 15,16);
INSERT INTO move VALUES (16,163, 14,15);
INSERT INTO move VALUES (16,164, 19,15);
INSERT INTO move VALUES (16,165, 19,14);
INSERT INTO move VALUES (16,166, 13,15);
INSERT INTO move VALUES (16,167, 17,11);
INSERT INTO move VALUES (16,168, 12,16);
INSERT INTO move VALUES (16,169, 11,16);
INSERT INTO move VALUES (16,170, 15,9);
INSERT INTO move VALUES (16,171, 8,2);
INSERT INTO move VALUES (16,172, 7,1);
INSERT INTO move VALUES (16,173, 14,3);
INSERT INTO move VALUES (16,174, 14,2);
INSERT INTO move VALUES (16,175, 13,2);
INSERT INTO move VALUES (16,176, 13,3);
INSERT INTO move VALUES (16,177, 14,4);
INSERT INTO move VALUES (16,178, 13,1);
INSERT INTO move VALUES (16,179, 7,10);
INSERT INTO move VALUES (16,180, 6,8);
INSERT INTO move VALUES (16,181, 7,9);
INSERT INTO move VALUES (16,182, 12,17);
INSERT INTO move VALUES (16,183, 12,18);
INSERT INTO move VALUES (16,184, 12,15);
INSERT INTO move VALUES (16,185, 18,10);
INSERT INTO move VALUES (16,186, 13,18);
INSERT INTO move VALUES (16,187, 11,18);
INSERT INTO move VALUES (16,188, 18,8);
INSERT INTO move VALUES (16,189, 16,6);
INSERT INTO move VALUES (16,190, 19,7);
INSERT INTO move VALUES (16,191, 18,5);
INSERT INTO move VALUES (16,192, 13,17);
INSERT INTO move VALUES (16,193, 13,19);
INSERT INTO move VALUES (16,194, 6,14);
INSERT INTO move VALUES (16,195, 7,15);
INSERT INTO move VALUES (16,196, 16,11);
INSERT INTO move VALUES (16,197, 16,19);
INSERT INTO move VALUES (16,198, 17,17);
INSERT INTO move VALUES (16,199, 12,13);
INSERT INTO move VALUES (16,200, 13,13);
INSERT INTO move VALUES (16,201, 15,1);
INSERT INTO move VALUES (16,202, 12,2);
INSERT INTO move VALUES (16,203, 19,6);
INSERT INTO move VALUES (16,204, 19,8);
INSERT INTO move VALUES (16,205, 14,6);
INSERT INTO move VALUES (16,206, 14,7);
INSERT INTO move VALUES (16,207, 13,6);
INSERT INTO move VALUES (16,208, 13,7);
INSERT INTO move VALUES (16,209, 10,2);
INSERT INTO move VALUES (16,210, 17,10);


INSERT INTO move VALUES (18,0, 16,4);
INSERT INTO move VALUES (18,1, 4,4);
INSERT INTO move VALUES (18,2, 16,16);
INSERT INTO move VALUES (18,3, 4,17);
INSERT INTO move VALUES (18,4, 3,3);
INSERT INTO move VALUES (18,5, 3,4);
INSERT INTO move VALUES (18,6, 4,3);
INSERT INTO move VALUES (18,7, 5,4);
INSERT INTO move VALUES (18,8, 6,3);
INSERT INTO move VALUES (18,9, 17,17);
INSERT INTO move VALUES (18,10, 16,17);
INSERT INTO move VALUES (18,11, 17,16);
INSERT INTO move VALUES (18,12, 16,15);
INSERT INTO move VALUES (18,13, 18,14);
INSERT INTO move VALUES (18,14, 7,2);
INSERT INTO move VALUES (18,15, 4,8);
INSERT INTO move VALUES (18,16, 4,15);
INSERT INTO move VALUES (18,17, 3,15);
INSERT INTO move VALUES (18,18, 3,14);
INSERT INTO move VALUES (18,19, 3,16);
INSERT INTO move VALUES (18,20, 4,14);
INSERT INTO move VALUES (18,21, 4,11);
INSERT INTO move VALUES (18,22, 7,17);
INSERT INTO move VALUES (18,23, 6,18);
INSERT INTO move VALUES (18,24, 8,14);
INSERT INTO move VALUES (18,25, 17,6);
INSERT INTO move VALUES (18,26, 16,6);
INSERT INTO move VALUES (18,27, 17,5);
INSERT INTO move VALUES (18,28, 16,5);
INSERT INTO move VALUES (18,29, 17,4);
INSERT INTO move VALUES (18,30, 17,3);
INSERT INTO move VALUES (18,31, 16,7);
INSERT INTO move VALUES (18,32, 17,7);
INSERT INTO move VALUES (18,33, 18,3);
INSERT INTO move VALUES (18,34, 18,2);
INSERT INTO move VALUES (18,35, 17,8);
INSERT INTO move VALUES (18,36, 18,7);
INSERT INTO move VALUES (18,37, 18,8);
INSERT INTO move VALUES (18,38, 18,6);
INSERT INTO move VALUES (18,39, 18,4);
INSERT INTO move VALUES (18,40, 16,2);
INSERT INTO move VALUES (18,41, 19,7);
INSERT INTO move VALUES (18,42, 15,7);
INSERT INTO move VALUES (18,43, 16,8);
INSERT INTO move VALUES (18,44, 17,14);
INSERT INTO move VALUES (18,45, 18,13);
INSERT INTO move VALUES (18,46, 11,5);
INSERT INTO move VALUES (18,47, 14,6);
INSERT INTO move VALUES (18,48, 13,5);
INSERT INTO move VALUES (18,49, 17,18);
INSERT INTO move VALUES (18,50, 7,5);
INSERT INTO move VALUES (18,51, 13,16);
INSERT INTO move VALUES (18,52, 13,14);
INSERT INTO move VALUES (18,53, 11,15);
INSERT INTO move VALUES (18,54, 6,17);
INSERT INTO move VALUES (18,55, 15,14);
INSERT INTO move VALUES (18,56, 14,15);
INSERT INTO move VALUES (18,57, 14,16);
INSERT INTO move VALUES (18,58, 15,15);
INSERT INTO move VALUES (18,59, 12,13);
INSERT INTO move VALUES (18,60, 14,12);
INSERT INTO move VALUES (18,61, 10,17);
INSERT INTO move VALUES (18,62, 5,18);
INSERT INTO move VALUES (18,63, 4,18);
INSERT INTO move VALUES (18,64, 5,17);
INSERT INTO move VALUES (18,65, 13,11);
INSERT INTO move VALUES (18,66, 14,11);
INSERT INTO move VALUES (18,67, 13,10);
INSERT INTO move VALUES (18,68, 14,10);
INSERT INTO move VALUES (18,69, 14,9);
INSERT INTO move VALUES (18,70, 13,9);
INSERT INTO move VALUES (18,71, 12,9);
INSERT INTO move VALUES (18,72, 13,8);
INSERT INTO move VALUES (18,73, 14,8);
INSERT INTO move VALUES (18,74, 17,13);
INSERT INTO move VALUES (18,75, 13,13);
INSERT INTO move VALUES (18,76, 18,12);
INSERT INTO move VALUES (18,77, 17,15);
INSERT INTO move VALUES (18,78, 16,12);
INSERT INTO move VALUES (18,79, 12,6);
INSERT INTO move VALUES (18,80, 13,7);
INSERT INTO move VALUES (18,81, 15,3);
INSERT INTO move VALUES (18,82, 16,3);
INSERT INTO move VALUES (18,83, 13,6);
INSERT INTO move VALUES (18,84, 14,7);
INSERT INTO move VALUES (18,85, 12,5);
INSERT INTO move VALUES (18,86, 12,3);
INSERT INTO move VALUES (18,87, 11,4);
INSERT INTO move VALUES (18,88, 11,8);
INSERT INTO move VALUES (18,89, 13,3);
INSERT INTO move VALUES (18,90, 13,2);
INSERT INTO move VALUES (18,91, 12,4);
INSERT INTO move VALUES (18,92, 14,3);
INSERT INTO move VALUES (18,93, 13,4);
INSERT INTO move VALUES (18,94, 14,2);
INSERT INTO move VALUES (18,95, 14,13);
INSERT INTO move VALUES (18,96, 16,14);
INSERT INTO move VALUES (18,97, 11,11);
INSERT INTO move VALUES (18,98, 15,8);
INSERT INTO move VALUES (18,99, 11,7);
INSERT INTO move VALUES (18,100, 12,8);
INSERT INTO move VALUES (18,101, 3,12);
INSERT INTO move VALUES (18,102, 10,5);
INSERT INTO move VALUES (18,103, 12,2);
INSERT INTO move VALUES (18,104, 11,2);
INSERT INTO move VALUES (18,105, 11,3);
INSERT INTO move VALUES (18,106, 10,2);
INSERT INTO move VALUES (18,107, 10,7);
INSERT INTO move VALUES (18,108, 4,7);
INSERT INTO move VALUES (18,109, 5,7);
INSERT INTO move VALUES (18,110, 5,8);
INSERT INTO move VALUES (18,111, 3,7);
INSERT INTO move VALUES (18,112, 4,6);
INSERT INTO move VALUES (18,113, 5,6);
INSERT INTO move VALUES (18,114, 7,7);
INSERT INTO move VALUES (18,115, 10,8);
INSERT INTO move VALUES (18,116, 10,9);
INSERT INTO move VALUES (18,117, 9,9);
INSERT INTO move VALUES (18,118, 3,6);
INSERT INTO move VALUES (18,119, 3,8);
INSERT INTO move VALUES (18,120, 2,6);
INSERT INTO move VALUES (18,121, 6,4);
INSERT INTO move VALUES (18,122, 7,4);
INSERT INTO move VALUES (18,123, 5,9);
INSERT INTO move VALUES (18,124, 6,8);
INSERT INTO move VALUES (18,125, 2,3);
INSERT INTO move VALUES (18,126, 9,10);
INSERT INTO move VALUES (18,127, 8,9);
INSERT INTO move VALUES (18,128, 8,10);
INSERT INTO move VALUES (18,129, 7,10);
INSERT INTO move VALUES (18,130, 7,9);
INSERT INTO move VALUES (18,131, 10,10);
INSERT INTO move VALUES (18,132, 11,9);
INSERT INTO move VALUES (18,133, 9,2);
INSERT INTO move VALUES (18,134, 4,9);
INSERT INTO move VALUES (18,135, 3,9);
INSERT INTO move VALUES (18,136, 12,1);
INSERT INTO move VALUES (18,137, 11,1);
INSERT INTO move VALUES (18,138, 12,3);
INSERT INTO move VALUES (18,139, 8,7);
INSERT INTO move VALUES (18,140, 7,11);
INSERT INTO move VALUES (18,141, 12,2);
INSERT INTO move VALUES (18,142, 10,1);
INSERT INTO move VALUES (18,143, 8,6);
INSERT INTO move VALUES (18,144, 5,5);
INSERT INTO move VALUES (18,145, 6,5);
INSERT INTO move VALUES (18,146, 6,6);
INSERT INTO move VALUES (18,147, 4,5);
INSERT INTO move VALUES (18,148, 6,7);
INSERT INTO move VALUES (18,149, 5,5);
INSERT INTO move VALUES (18,150, 9,4);
INSERT INTO move VALUES (18,151, 8,8);
INSERT INTO move VALUES (18,152, 6,10);
INSERT INTO move VALUES (18,153, 10,3);
INSERT INTO move VALUES (18,154, 9,3);
INSERT INTO move VALUES (18,155, 14,4);
INSERT INTO move VALUES (18,156, 2,2);
INSERT INTO move VALUES (18,157, 2,4);
INSERT INTO move VALUES (18,158, 11,16);
INSERT INTO move VALUES (18,159, 10,16);
INSERT INTO move VALUES (18,160, 12,15);
INSERT INTO move VALUES (18,161, 12,14);
INSERT INTO move VALUES (18,162, 13,15);
INSERT INTO move VALUES (18,163, 10,14);
INSERT INTO move VALUES (18,164, 11,17);
INSERT INTO move VALUES (18,165, 11,18);
INSERT INTO move VALUES (18,166, 12,18);
INSERT INTO move VALUES (18,167, 10,18);
INSERT INTO move VALUES (18,168, 14,18);
INSERT INTO move VALUES (18,169, 9,11);
INSERT INTO move VALUES (18,170, 9,15);
INSERT INTO move VALUES (18,171, 10,15);
INSERT INTO move VALUES (18,172, 11,10);
INSERT INTO move VALUES (18,173, 10,11);
INSERT INTO move VALUES (18,174, 9,13);
INSERT INTO move VALUES (18,175, 10,13);
INSERT INTO move VALUES (18,176, 2,18);
INSERT INTO move VALUES (18,177, 2,14);
INSERT INTO move VALUES (18,178, 2,13);
INSERT INTO move VALUES (18,179, 2,15);
INSERT INTO move VALUES (18,180, 3,13);
INSERT INTO move VALUES (18,181, 2,17);
INSERT INTO move VALUES (18,182, 19,3);
INSERT INTO move VALUES (18,183, 19,6);
INSERT INTO move VALUES (18,184, 1,9);
INSERT INTO move VALUES (18,185, 2,11);
INSERT INTO move VALUES (18,186, 3,10);
INSERT INTO move VALUES (18,187, 4,10);
INSERT INTO move VALUES (18,188, 19,4);
INSERT INTO move VALUES (18,189, 18,5);
INSERT INTO move VALUES (18,190, 2,7);
INSERT INTO move VALUES (18,191, 2,8);
INSERT INTO move VALUES (18,192, 1,8);
INSERT INTO move VALUES (18,193, 1,2);
INSERT INTO move VALUES (18,194, 2,10);
INSERT INTO move VALUES (18,195, 3,11);
INSERT INTO move VALUES (18,196, 3,2);
INSERT INTO move VALUES (18,197, 1,11);
INSERT INTO move VALUES (18,198, 2,5);
INSERT INTO move VALUES (18,199, 1,4);
INSERT INTO move VALUES (18,200, 5,3);
INSERT INTO move VALUES (18,201, 6,12);
INSERT INTO move VALUES (18,202, 7,12);
INSERT INTO move VALUES (18,203, 6,13);
INSERT INTO move VALUES (18,204, 7,13);
INSERT INTO move VALUES (18,205, 6,14);
INSERT INTO move VALUES (18,206, 8,18);
INSERT INTO move VALUES (18,207, 7,15);
INSERT INTO move VALUES (18,208, 9,16);
INSERT INTO move VALUES (18,209, 4,16);
INSERT INTO move VALUES (18,210, 5,16);
INSERT INTO move VALUES (18,211, 5,15);
INSERT INTO move VALUES (18,212, 2,1);
INSERT INTO move VALUES (18,213, 1,10);
INSERT INTO move VALUES (18,214, 1,5);
INSERT INTO move VALUES (18,215, 1,7);
INSERT INTO move VALUES (18,216, 1,1);
INSERT INTO move VALUES (18,217, 17,11);
INSERT INTO move VALUES (18,218, 19,13);
INSERT INTO move VALUES (18,219, 18,15);
INSERT INTO move VALUES (18,220, 4,19);
INSERT INTO move VALUES (18,221, 3,19);
INSERT INTO move VALUES (18,222, 5,19);
INSERT INTO move VALUES (18,223, 13,12);
INSERT INTO move VALUES (18,224, 3,18);
INSERT INTO move VALUES (18,225, 15,9);
INSERT INTO move VALUES (18,226, 16,9);
INSERT INTO move VALUES (18,227, 15,10);
INSERT INTO move VALUES (18,228, 16,11);
INSERT INTO move VALUES (18,229, 16,10);
INSERT INTO move VALUES (18,230, 15,6);
INSERT INTO move VALUES (18,231, 17,10);
INSERT INTO move VALUES (18,232, 17,12);
INSERT INTO move VALUES (18,233, 2,9);
INSERT INTO move VALUES (18,234, 1,3);
INSERT INTO move VALUES (18,235, 8,15);
INSERT INTO move VALUES (18,236, 9,14);
INSERT INTO move VALUES (18,237, 1,2);
INSERT INTO move VALUES (18,238, 12,3);
INSERT INTO move VALUES (18,239, 1,8);
INSERT INTO move VALUES (18,240, 1,3);
INSERT INTO move VALUES (18,241, 8,16);
INSERT INTO move VALUES (18,242, 9,17);
INSERT INTO move VALUES (18,243, 1,2);
INSERT INTO move VALUES (18,244, 14,5);
INSERT INTO move VALUES (18,245, 15,5);
INSERT INTO move VALUES (18,246, 1,3);
INSERT INTO move VALUES (18,247, 9,18);
INSERT INTO move VALUES (18,248, 8,17);
INSERT INTO move VALUES (18,249, 1,2);
INSERT INTO move VALUES (18,250, 15,4);
INSERT INTO move VALUES (18,251, 12,2);
INSERT INTO move VALUES (18,252, 1,3);
INSERT INTO move VALUES (18,253, 9,1);
INSERT INTO move VALUES (18,254, 12,3);
INSERT INTO move VALUES (18,255, 12,16);
INSERT INTO move VALUES (18,256, 12,17);
INSERT INTO move VALUES (18,257, 12,2);
INSERT INTO move VALUES (18,258, 3,5);
INSERT INTO move VALUES (18,259, 11,1);
INSERT INTO move VALUES (18,260, 1,16);
INSERT INTO move VALUES (18,261, 1,13);
INSERT INTO move VALUES (18,262, 1,17);
INSERT INTO move VALUES (18,263, 16,18);
INSERT INTO move VALUES (18,264, 1,14);
INSERT INTO move VALUES (18,265, 15,18);
INSERT INTO move VALUES (18,266, 15,13);
INSERT INTO move VALUES (18,267, 15,11);
INSERT INTO move VALUES (18,268, 15,17);
INSERT INTO move VALUES (18,269, 1,15);
INSERT INTO move VALUES (18,270, 3,17);
INSERT INTO move VALUES (18,271, 13,17);
INSERT INTO move VALUES (18,272, 13,18);
INSERT INTO move VALUES (18,273, 15,12);
INSERT INTO move VALUES (18,274, 14,14);
INSERT INTO move VALUES (18,275, 1,12);

INSERT INTO move VALUES (19,0, 17,4);
INSERT INTO move VALUES (19,1, 16,16);
INSERT INTO move VALUES (19,2, 4,3);
INSERT INTO move VALUES (19,3, 3,16);
INSERT INTO move VALUES (19,4, 4,6);
INSERT INTO move VALUES (19,5, 15,4);
INSERT INTO move VALUES (19,6, 12,3);
INSERT INTO move VALUES (19,7, 16,7);
INSERT INTO move VALUES (19,8, 15,3);
INSERT INTO move VALUES (19,9, 14,3);
INSERT INTO move VALUES (19,10, 16,3);
INSERT INTO move VALUES (19,11, 14,4);
INSERT INTO move VALUES (19,12, 17,6);
INSERT INTO move VALUES (19,13, 13,7);
INSERT INTO move VALUES (19,14, 17,7);
INSERT INTO move VALUES (19,15, 9,4);
INSERT INTO move VALUES (19,16, 10,5);
INSERT INTO move VALUES (19,17, 4,4);
INSERT INTO move VALUES (19,18, 5,4);
INSERT INTO move VALUES (19,19, 3,3);
INSERT INTO move VALUES (19,20, 5,3);
INSERT INTO move VALUES (19,21, 3,4);
INSERT INTO move VALUES (19,22, 10,4);
INSERT INTO move VALUES (19,23, 5,5);
INSERT INTO move VALUES (19,24, 4,5);
INSERT INTO move VALUES (19,25, 5,6);
INSERT INTO move VALUES (19,26, 2,5);
INSERT INTO move VALUES (19,27, 4,7);
INSERT INTO move VALUES (19,28, 3,7);
INSERT INTO move VALUES (19,29, 6,4);
INSERT INTO move VALUES (19,30, 3,2);
INSERT INTO move VALUES (19,31, 3,8);
INSERT INTO move VALUES (19,32, 5,7);
INSERT INTO move VALUES (19,33, 4,8);
INSERT INTO move VALUES (19,34, 6,5);
INSERT INTO move VALUES (19,35, 6,6);
INSERT INTO move VALUES (19,36, 7,5);
INSERT INTO move VALUES (19,37, 6,7);
INSERT INTO move VALUES (19,38, 3,5);
INSERT INTO move VALUES (19,39, 8,6);
INSERT INTO move VALUES (19,40, 8,5);
INSERT INTO move VALUES (19,41, 9,5);
INSERT INTO move VALUES (19,42, 9,6);
INSERT INTO move VALUES (19,43, 7,6);
INSERT INTO move VALUES (19,44, 8,4);
INSERT INTO move VALUES (19,45, 9,3);
INSERT INTO move VALUES (19,46, 8,3);
INSERT INTO move VALUES (19,47, 10,3);
INSERT INTO move VALUES (19,48, 10,6);
INSERT INTO move VALUES (19,49, 8,2);
INSERT INTO move VALUES (19,50, 7,3);
INSERT INTO move VALUES (19,51, 11,3);
INSERT INTO move VALUES (19,52, 11,4);
INSERT INTO move VALUES (19,53, 12,2);
INSERT INTO move VALUES (19,54, 13,2);
INSERT INTO move VALUES (19,55, 12,1);
INSERT INTO move VALUES (19,56, 13,3);
INSERT INTO move VALUES (19,57, 4,2);
INSERT INTO move VALUES (19,58, 5,2);
INSERT INTO move VALUES (19,59, 14,2);
INSERT INTO move VALUES (19,60, 13,1);
INSERT INTO move VALUES (19,61, 7,2);
INSERT INTO move VALUES (19,62, 6,2);
INSERT INTO move VALUES (19,63, 10,2);
INSERT INTO move VALUES (19,64, 13,5);
INSERT INTO move VALUES (19,65, 16,4);
INSERT INTO move VALUES (19,66, 17,3);
INSERT INTO move VALUES (19,67, 15,6);
INSERT INTO move VALUES (19,68, 9,9);
INSERT INTO move VALUES (19,69, 7,10);
INSERT INTO move VALUES (19,70, 12,9);
INSERT INTO move VALUES (19,71, 15,9);
INSERT INTO move VALUES (19,72, 8,11);
INSERT INTO move VALUES (19,73, 8,10);
INSERT INTO move VALUES (19,74, 9,10);
INSERT INTO move VALUES (19,75, 9,11);
INSERT INTO move VALUES (19,76, 14,10);
INSERT INTO move VALUES (19,77, 15,10);
INSERT INTO move VALUES (19,78, 14,11);
INSERT INTO move VALUES (19,79, 8,12);
INSERT INTO move VALUES (19,80, 16,12);
INSERT INTO move VALUES (19,81, 17,9);
INSERT INTO move VALUES (19,82, 17,11);
INSERT INTO move VALUES (19,83, 13,9);
INSERT INTO move VALUES (19,84, 14,9);
INSERT INTO move VALUES (19,85, 14,8);
INSERT INTO move VALUES (19,86, 13,10);
INSERT INTO move VALUES (19,87, 12,8);
INSERT INTO move VALUES (19,88, 13,8);
INSERT INTO move VALUES (19,89, 11,9);
INSERT INTO move VALUES (19,90, 11,8);
INSERT INTO move VALUES (19,91, 13,9);
INSERT INTO move VALUES (19,92, 12,10);
INSERT INTO move VALUES (19,93, 10,8);
INSERT INTO move VALUES (19,94, 11,7);
INSERT INTO move VALUES (19,95, 12,7);
INSERT INTO move VALUES (19,96, 11,10);
INSERT INTO move VALUES (19,97, 12,4);
INSERT INTO move VALUES (19,98, 5,16);
INSERT INTO move VALUES (19,99, 5,15);
INSERT INTO move VALUES (19,100, 6,15);
INSERT INTO move VALUES (19,101, 4,15);
INSERT INTO move VALUES (19,102, 6,14);
INSERT INTO move VALUES (19,103, 7,11);
INSERT INTO move VALUES (19,104, 3,17);
INSERT INTO move VALUES (19,105, 6,16);
INSERT INTO move VALUES (19,106, 5,17);
INSERT INTO move VALUES (19,107, 6,17);
INSERT INTO move VALUES (19,108, 6,18);
INSERT INTO move VALUES (19,109, 7,18);
INSERT INTO move VALUES (19,110, 4,18);
INSERT INTO move VALUES (19,111, 8,16);
INSERT INTO move VALUES (19,112, 4,13);
INSERT INTO move VALUES (19,113, 2,17);
INSERT INTO move VALUES (19,114, 2,18);
INSERT INTO move VALUES (19,115, 4,16);
INSERT INTO move VALUES (19,116, 4,17);
INSERT INTO move VALUES (19,117, 2,15);
INSERT INTO move VALUES (19,118, 1,17);
INSERT INTO move VALUES (19,119, 5,14);
INSERT INTO move VALUES (19,120, 5,13);
INSERT INTO move VALUES (19,121, 6,13);
INSERT INTO move VALUES (19,122, 8,14);
INSERT INTO move VALUES (19,123, 2,16);
INSERT INTO move VALUES (19,124, 7,13);
INSERT INTO move VALUES (19,125, 6,12);
INSERT INTO move VALUES (19,126, 13,4);
INSERT INTO move VALUES (19,127, 11,6);
INSERT INTO move VALUES (19,128, 10,7);
INSERT INTO move VALUES (19,129, 12,5);
INSERT INTO move VALUES (19,130, 9,15);
INSERT INTO move VALUES (19,131, 2,13);
INSERT INTO move VALUES (19,132, 10,17);
INSERT INTO move VALUES (19,133, 6,19);
INSERT INTO move VALUES (19,134, 5,19);
INSERT INTO move VALUES (19,135, 5,18);
INSERT INTO move VALUES (19,136, 11,1);
INSERT INTO move VALUES (19,137, 11,2);
INSERT INTO move VALUES (19,138, 6,18);
INSERT INTO move VALUES (19,139, 2,2);
INSERT INTO move VALUES (19,140, 4,1);
INSERT INTO move VALUES (19,141, 5,18);
INSERT INTO move VALUES (19,142, 9,1);
INSERT INTO move VALUES (19,143, 10,1);
INSERT INTO move VALUES (19,144, 6,18);
INSERT INTO move VALUES (19,145, 9,7);
INSERT INTO move VALUES (19,146, 10,9);
INSERT INTO move VALUES (19,147, 5,18);
INSERT INTO move VALUES (19,148, 14,7);
INSERT INTO move VALUES (19,149, 13,6);
INSERT INTO move VALUES (19,150, 6,18);
INSERT INTO move VALUES (19,151, 9,16);
INSERT INTO move VALUES (19,152, 10,16);
INSERT INTO move VALUES (19,153, 5,18);
INSERT INTO move VALUES (19,154, 13,8);
INSERT INTO move VALUES (19,155, 14,5);
INSERT INTO move VALUES (19,156, 6,18);
INSERT INTO move VALUES (19,157, 7,15);
INSERT INTO move VALUES (19,158, 7,19);
INSERT INTO move VALUES (19,159, 7,14);
INSERT INTO move VALUES (19,160, 17,17);
INSERT INTO move VALUES (19,161, 16,17);
INSERT INTO move VALUES (19,162, 17,16);
INSERT INTO move VALUES (19,163, 17,15);
INSERT INTO move VALUES (19,164, 18,15);
INSERT INTO move VALUES (19,165, 16,15);
INSERT INTO move VALUES (19,166, 18,14);
INSERT INTO move VALUES (19,167, 17,18);
INSERT INTO move VALUES (19,168, 18,18);
INSERT INTO move VALUES (19,169, 14,17);
INSERT INTO move VALUES (19,170, 13,18);
INSERT INTO move VALUES (19,171, 18,17);
INSERT INTO move VALUES (19,172, 18,16);
INSERT INTO move VALUES (19,173, 18,19);
INSERT INTO move VALUES (19,174, 19,17);
INSERT INTO move VALUES (19,175, 13,17);
INSERT INTO move VALUES (19,176, 12,18);
INSERT INTO move VALUES (19,177, 15,18);
INSERT INTO move VALUES (19,178, 14,15);
INSERT INTO move VALUES (19,179, 13,15);
INSERT INTO move VALUES (19,180, 14,14);
INSERT INTO move VALUES (19,181, 12,17);
INSERT INTO move VALUES (19,182, 11,15);
INSERT INTO move VALUES (19,183, 9,18);
INSERT INTO move VALUES (19,184, 10,18);
INSERT INTO move VALUES (19,185, 14,16);
INSERT INTO move VALUES (19,186, 2,8);
INSERT INTO move VALUES (19,187, 2,9);
INSERT INTO move VALUES (19,188, 2,7);
INSERT INTO move VALUES (19,189, 3,10);
INSERT INTO move VALUES (19,190, 15,8);
INSERT INTO move VALUES (19,191, 16,8);
INSERT INTO move VALUES (19,192, 8,18);
INSERT INTO move VALUES (19,193, 17,1);
INSERT INTO move VALUES (19,194, 18,1);
INSERT INTO move VALUES (19,195, 18,8);
INSERT INTO move VALUES (19,196, 18,7);
INSERT INTO move VALUES (19,197, 13,14);
INSERT INTO move VALUES (19,198, 13,13);
INSERT INTO move VALUES (19,199, 9,8);
INSERT INTO move VALUES (19,200, 8,9);
INSERT INTO move VALUES (19,201, 7,8);
INSERT INTO move VALUES (19,202, 16,5);
INSERT INTO move VALUES (19,203, 15,7);
INSERT INTO move VALUES (19,204, 18,10);
INSERT INTO move VALUES (19,205, 9,14);
INSERT INTO move VALUES (19,206, 8,8);
INSERT INTO move VALUES (19,207, 8,7);
INSERT INTO move VALUES (19,208, 9,13);
INSERT INTO move VALUES (19,209, 10,14);
INSERT INTO move VALUES (19,210, 10,13);
INSERT INTO move VALUES (19,211, 8,13);
INSERT INTO move VALUES (19,212, 11,14);
INSERT INTO move VALUES (19,213, 8,15);
INSERT INTO move VALUES (19,214, 18,9);
INSERT INTO move VALUES (19,215, 17,8);
INSERT INTO move VALUES (19,216, 19,8);
INSERT INTO move VALUES (19,217, 10,15);
INSERT INTO move VALUES (19,218, 11,17);
INSERT INTO move VALUES (19,219, 14,18);
INSERT INTO move VALUES (19,220, 9,17);
INSERT INTO move VALUES (19,221, 16,1);
INSERT INTO move VALUES (19,222, 18,2);
INSERT INTO move VALUES (19,223, 10,11);
INSERT INTO move VALUES (19,224, 11,12);
INSERT INTO move VALUES (19,225, 15,11);
INSERT INTO move VALUES (19,226, 15,12);
INSERT INTO move VALUES (19,227, 15,14);
INSERT INTO move VALUES (19,228, 14,13);
INSERT INTO move VALUES (19,229, 15,15);
INSERT INTO move VALUES (19,230, 14,8);
INSERT INTO move VALUES (19,231, 14,1);
INSERT INTO move VALUES (19,232, 17,14);
INSERT INTO move VALUES (19,233, 7,17);
INSERT INTO move VALUES (19,234, 7,1);
INSERT INTO move VALUES (19,235, 1,16);
INSERT INTO move VALUES (19,236, 1,18);
INSERT INTO move VALUES (19,237, 16,13);
INSERT INTO move VALUES (19,238, 17,13);
INSERT INTO move VALUES (19,239, 11,11);
INSERT INTO move VALUES (19,240, 12,11);
INSERT INTO move VALUES (19,241, 8,17);
INSERT INTO move VALUES (19,242, 9,19);
INSERT INTO move VALUES (19,243, 1,8);
INSERT INTO move VALUES (19,244, 1,7);
INSERT INTO move VALUES (19,245, 1,9);
INSERT INTO move VALUES (19,246, 7,9);
INSERT INTO move VALUES (19,247, 6,9);
INSERT INTO move VALUES (19,248, 8,1);
INSERT INTO move VALUES (19,249, 9,2);
INSERT INTO move VALUES (19,250, 6,1);
INSERT INTO move VALUES (19,251, 13,19);
INSERT INTO move VALUES (19,252, 12,19);
INSERT INTO move VALUES (19,253, 14,19);
INSERT INTO move VALUES (19,254, 12,14);
INSERT INTO move VALUES (19,255, 17,10);
INSERT INTO move VALUES (19,256, 16,10);
INSERT INTO move VALUES (19,257, 16,9);
INSERT INTO move VALUES (19,258, 16,11);
INSERT INTO move VALUES (19,259, 10,12);
INSERT INTO move VALUES (19,260, 15,2);
INSERT INTO move VALUES (19,261, 15,1);
INSERT INTO move VALUES (19,262, 12,16);
INSERT INTO move VALUES (19,263, 13,16);
INSERT INTO move VALUES (19,264, 12,15);
INSERT INTO move VALUES (19,265, 9,12);
INSERT INTO move VALUES (19,266, 11,13);
INSERT INTO move VALUES (19,267, 11,5);
INSERT INTO move VALUES (19,268, 11,9);
INSERT INTO move VALUES (19,269, 16,6);
INSERT INTO move VALUES (19,270, 15,13);
INSERT INTO move VALUES (19,271, 16,14);
INSERT INTO move VALUES (19,272, 14,6);
INSERT INTO move VALUES (19,273, 15,5);
INSERT INTO move VALUES (19,274, 17,5);
INSERT INTO move VALUES (19,275, 17,19);
INSERT INTO move VALUES (19,276, 19,18);
INSERT INTO move VALUES (19,277, 16,2);
INSERT INTO move VALUES (19,278, 19,19);
INSERT INTO move VALUES (19,279, 17,2);
INSERT INTO move VALUES (19,280, 10,10);


